"filename","depth_cm"
"47.0cm.png","47.0"
"85.0cm.png","85.0"
"57.5cm.jpg","57.5"
"25.04cm.png","25.04"
"160cm.jpg","160.0"
"15.06cm.jpg","15.06"
"72.5cm.png","72.5"
"15cm_1.jpg","15.0"
"20.24cm.jpg","20.24"
"15.22cm.jpg","15.22"
"160.0cm.jpg","160.0"
"15.17cm.jpg","15.17"
"37.5cm.jpg","37.5"
"37cm.jpg","37.0"
"20.05cm_1.jpg","20.05"
"75.0cm.png","75.0"
"20.14cm_1.jpg","20.14"
"15.09cm.jpg","15.09"
"20.16cm.jpg","20.16"
"20cm_1.jpg","20.0"
"42.51cm.jpg","42.51"
"18cm.png","18.0"
"120cm.png","120.0"
"20.17cm_1.jpg","20.17"
"55.01cm.jpg","55.01"
"15.04cm.jpg","15.04"
"20.25cm.jpg","20.25"
"42.52cm.jpg","42.52"
"15.01cm.jpg","15.01"
"20.01cm_1.jpg","20.01"
"15.12cm_1.jpg","15.12"
"85.0cm.jpg","85.0"
"15.14cm.jpg","15.14"
"15.09cm_1.jpg","15.09"
"32.5cm_1.jpg","32.5"
"32.5cm_2.jpg","32.5"
"image_80.jpg","20.0"
"7.50cm.jpg","7.5"
"17.5cm.png","17.5"
"15.1cm.png","15.1"
"15.20cm.jpg","15.2"
"37.52cm.jpg","37.52"
"27.63cm.jpg","27.63"
"90cm.png","90.0"
"140cm_1.png","140.0"
"20.19cm_1.jpg","20.19"
"85cm.png","85.0"
"60.02cm.jpg","60.02"
"45.04cm.jpg","45.04"
"20.07cm_1.jpg","20.07"
"20.20cm.jpg","20.2"
"25.03cm.png","25.03"
"47.5cm_1.jpg","47.5"
"7.5cm.jpg","7.5"
"70cm_2.jpg","70.0"
"32.0cm_1.jpg","32.0"
"15.0cm_1.jpg","15.0"
"20.1cm_1.jpg","20.1"
"22.5cm.jpg","22.5"
"25.5cm.jpg","25.5"
"10.0cm_1.jpg","10.0"
"25.03cm.jpg","25.03"
"80cm_1.png","80.0"
"70cm.jpg","70.0"
"20.0cm.jpg","20.0"
"22.51cm.jpg","22.51"
"45.0cm.jpg","45.0"
"10.0cm.jpg","10.0"
"20.02cm_1.jpg","20.02"
"15.12cm.jpg","15.12"
"15.01cm_1.jpg","15.01"
"20.09cm_1.jpg","20.09"
"15.08cm_1.jpg","15.08"
"140cm.png","140.0"
"70.0cm.jpg","70.0"
"47.51cm.jpg","47.51"
"30.0cm.jpg","30.0"
"20.07cm.jpg","20.07"
"55cm.jpg","55.0"
"100.0cm.png","100.0"
"35.00cm.png","35.0"
"26cm.jpg","26.0"
"107cm.png","107.0"
"48cm.png","48.0"
"25.05cm.jpg","25.05"
"20cm.jpg","20.0"
"47.52cm.jpg","47.52"
"35cm_1.png","35.0"
"15.03cm_1.jpg","15.03"
"95cm.png","95.0"
"22.53cm.jpg","22.53"
"60.0cm.png","60.0"
"27.5cm.jpg","27.5"
"20.33cm.jpg","20.33"
"50.0cm.jpg","50.0"
"image_4.jpg","35.0"
"32.54cm.jpg","32.54"
"50.00cm.jpg","50.0"
"32.51cm_2.jpg","32.51"
"62cm.png","62.0"
"30cm.png","30.0"
"32cm.jpg","32.0"
"20.0cm_1.jpg","20.0"
"20.18cm.jpg","20.18"
"15.16cm.jpg","15.16"
"42.5cm_1.png","42.5"
"20.16cm.png","20.16"
"52.0cm.jpg","52.0"
"27.60cm.jpg","27.6"
"20cm_2.jpg","20.0"
"10cm_1.jpg","10.0"
"75cm.jpg","75.0"
"20.28cm.jpg","20.28"
"27.57cm.png","27.57"
"15.10cm.jpg","15.1"
"115.5cm.png","115.5"
"120.0cm.png","120.0"
"100cm.png","100.0"
"20.17cm.jpg","20.17"
"15.19cm.jpg","15.19"
"35.01cm.jpg","35.01"
"image_407.jpg","35.0"
"27.5cm.png","27.5"
"20.2cm_1.jpg","20.2"
"27.53cm.jpg","27.53"
"82.5cm.jpg","82.5"
"20.12cm.png","20.12"
"15.11cm.jpg","15.11"
"45cm.jpg","45.0"
"35.00cm_1.jpg","35.0"
"22.54cm.jpg","22.54"
"42.5.jpg","42.5"
"20.3cm.jpg","20.3"
"20.04cm.jpg","20.04"
"37.5cm_1.jpg","37.5"
"15.04cm.png","15.04"
"5cm.jpg","5.0"
"35cm.png","35.0"
"52.5.jpg","52.5"
"37.55cm.jpg","37.55"
"35.00cm.jpg","35.0"
"52.5cm.jpg","52.5"
"115cm.png","115.0"
"20.20cm_1.jpg","20.2"
"45.02cm.jpg","45.02"
"20.21cm.jpg","20.21"
"68cm.png","68.0"
"20.06cm_1.jpg","20.06"
"20.08cm.png","20.08"
"27.50cm.jpg","27.5"
"27.54cm.jpg","27.54"
"42.51cm.png","42.51"
"42.5cm.png","42.5"
"20.15cm.jpg","20.15"
"landscape-view-lonely-dead-tree-260nw-1705648108.webp","0.0"
"32.50cm_1.jpg","32.5"
"25.00cm_2.jpg","25.0"
"47.50cm.png","47.5"
"45cm_1.png","45.0"
"90.02cm.jpg","90.02"
"35.5cm.jpg","35.5"
"50.02.jpg","50.02"
"image_432.jpg","20.0"
"42.53cm_1.jpg","42.53"
"15.18cm.jpg","15.18"
"35.03cm.jpg","35.03"
"20.02cm.jpg","20.02"
"70cm_1.jpg","70.0"
"20.01cm.jpg","20.01"
"70.0cm.png","70.0"
"120.0cm.jpg","120.0"
"15.08cm.jpg","15.08"
"37.51cm.jpg","37.51"
"22.5cm_1.png","22.5"
"13cm.jpg","13.0"
"80.0cm.png","80.0"
"25.0cm_2.jpg","25.0"
"20.03cm_1.jpg","20.03"
"25.0cm.png","25.0"
"90.03cm.jpg","90.03"
"55cm_2.jpg","55.0"
"40.01cm.png","40.01"
"50cm.png","50.0"
"55.0cm.jpg","55.0"
"60.01cm.png","60.01"
"55.0cm.png","55.0"
"15.14cm_1.jpg","15.14"
"27.64cm.jpg","27.64"
"50.03cm.jpg","50.03"
"20.19cm.jpg","20.19"
"50.04cm.jpg","50.04"
"20.02cm_2.jpg","20.02"
"15.2cm.jpg","15.2"
"image_24.jpg","65.0"
"25.00cm_1.jpg","25.0"
"53cm.jpg","53.0"
"20.08cm.jpg","20.08"
"35.04cm.jpg","35.04"
"20.00cm_1.jpg","20.0"
"57cm.png","57.0"
"60cm.jpg","60.0"
"25.01cm.png","25.01"
"15.21cm.jpg","15.21"
"30.01cm.jpg","30.01"
"35.02cm.jpg","35.02"
"37.53cm.jpg","37.53"
"5cm_1.jpg","5.0"
"15cm.jpg","15.0"
"62.5cm.jpg","62.5"
"30cm_2.png","30.0"
"55.00cm.jpg","55.0"
"67cm.jpg","67.0"
"115cm.jpg","115.0"
"20.10cm.jpg","20.1"
"105cm.png","105.0"
"150cm.png","150.0"
"15.13cm.png","15.13"
"15.03cm.jpg","15.03"
"120cm.jpg","120.0"
"32.51cm.jpg","32.51"
"42.53cm.jpg","42.53"
"100.00cm.jpg","100.0"
"87.52cm.png","87.52"
"27.55cm.jpg","27.55"
"32.52cm.jpg","32.52"
"87.50cm.png","87.5"
"20.03cm.png","20.03"
"15.06cm.png","15.06"
"50.5cm.png","50.5"
"15.00cm.png","15.0"
"52.50cm.jpg","52.5"
"27.50cm.png","27.5"
"25.01cm_1.jpg","25.01"
"82cm.png","82.0"
"20.30cm.jpg","20.3"
"20.13cm.jpg","20.13"
"50.51cm.jpg","50.51"
"22.56cm.jpg","22.56"
"22.55cm.jpg","22.55"
"55cm_1.jpg","55.0"
"70.03cm.png","70.03"
"image_433.jpg","2.0"
"130cm.png","130.0"
"47.50cm.jpg","47.5"
"37.5cm_2.jpg","37.5"
"32.53cm.png","32.53"
"15.05cm.jpg","15.05"
"20.04cm_2.jpg","20.04"
"30.0cm.png","30.0"
"52.6cm.png","52.6"
"25.0cm_1.jpg","25.0"
"20.0cm_2.jpg","20.0"
"20.18cm_1.jpg","20.18"
"37.50cm.jpg","37.5"
"22.5cm.png","22.5"
"80cm.png","80.0"
"15.13cm.jpg","15.13"
"42cm.png","42.0"
"45.01cm.png","45.01"
"37.50cm.png","37.5"
"50.02cm.jpg","50.02"
"27.51cm.jpg","27.51"
"20.01cm.png","20.01"
"20.32cm.jpg","20.32"
"70.01cm.png","70.01"
"15.0cm.png","15.0"
"15.15cm.png","15.15"
"65.0cm.png","65.0"
"30cm_1.png","30.0"
"20.31cm.jpg","20.31"
"65cm.jpg","65.0"
"27.62cm.jpg","27.62"
"50.00cm.png","50.0"
"45.00cm.jpg","45.0"
"47.5cm.jpg","47.5"
"15.11cm.png","15.11"
"20.14cm.jpg","20.14"
"85cm.jpg","85.0"
"50.01cm.jpg","50.01"
"72cm.png","72.0"
"17cm.png","17.0"
"50cm_1.png","50.0"
"40cm.png","40.0"
"5.0cm.jpg","5.0"
"42.51cm_1.png","42.51"
"35.0cm_1.png","35.0"
"90cm.jpg","90.0"
"27.59cm.png","27.59"
"45.03cm.png","45.03"
"10.00cm.jpg","10.0"
"20.11cm_1.jpg","20.11"
"50cm.jpg","50.0"
"40.5cm.jpg","40.5"
"90.01cm.jpg","90.01"
"42.52cm_1.jpg","42.52"
"15.02cm_1.jpg","15.02"
"52.51cm.png","52.51"
"52.01cm.png","52.01"
"145cm.jpg","145.0"
"15.15cm.jpg","15.15"
"32.0cm.jpg","32.0"
"20.06cm_2.jpg","20.06"
"15.01cm.png","15.01"
"97.5cm.png","97.5"
"22.57cm.jpg","22.57"
"60.00cm.png","60.0"
"20.12cm.jpg","20.12"
"15.1cm_1.png","15.1"
"87.5cm.png","87.5"
"25.0cm.jpg","25.0"
"32.51cm_1.jpg","32.51"
"102.5cm.png","102.5"
"20.05cm.jpg","20.05"
"27.52cm_1.jpg","27.52"
"15.07cm_1.jpg","15.07"
"20.21cm.png","20.21"
"52cm.jpg","52.0"
"42.50cm_1.jpg","42.5"
"10cm.jpg","10.0"
"35.0cm.png","35.0"
"20.11cm.jpg","20.11"
"15.10cm.png","15.1"
"20.09cm.jpg","20.09"
"27.6cm.jpg","27.6"
"22.50cm_1.jpg","22.5"
"15.0cm.jpg","15.0"
"87.51cm.png","87.51"
"32.52cm_1.jpg","32.52"
"50.0cm.png","50.0"
"20.03cm.jpg","20.03"
"82.0cm.png","82.0"
"90.05cm.jpg","90.05"
"60.0cm_1.png","60.0"
"90cm_1.png","90.0"
"15.23cm.jpg","15.23"
"27.56cm.jpg","27.56"
"27.65cm.jpg","27.65"
"15.07cm.jpg","15.07"
"32.50cm.jpg","32.5"
"image_16.jpg","5.0"
"test0916_shallow_flood_014_5cm.jpg","5"
"test0916_shallow_flood_015_5cm.jpg","5"
"test0916_shallow_flood_016_5cm.jpg","5"
"test0916_shallow_flood_018_5cm.jpg","5"
"test0916_shallow_flood_020_5cm.jpg","5"
"test0916_shallow_flood_022_5cm.jpg","5"
"test0916_shallow_flood_023_5cm.jpg","5"
"test0916_shallow_flood_024_5cm.jpg","5"
"test0916_shallow_flood_025_5cm.jpg","5"
"test0916_shallow_flood_026_5cm.jpg","5"
"test0916_shallow_flood_028_5cm.jpg","5"
"test0916_shallow_flood_029_5cm.jpg","5"
"test0916_shallow_flood_030_5cm.jpg","5"
"test0916_wet_road_011_0cm.jpg","0"
"test0916_wet_road_012_0cm.jpg","0"
"test0916_wet_road_019_0cm.jpg","0"
"lowdepth_001_wet_road_3cm.jpg","3"
"lowdepth_002_wet_road_3cm.jpg","3"
"lowdepth_003_dry_road_0cm.jpg","0"
"lowdepth_004_wet_road_2cm.jpg","2"
"lowdepth_005_wet_road_4cm.jpg","4"
"lowdepth_006_dry_road_0cm.jpg","0"
"lowdepth_007_wet_road_2cm.jpg","2"
"lowdepth_008_wet_road_3cm.jpg","3"
"lowdepth_009_dry_road_0cm.jpg","0"
"lowdepth_010_dry_road_0cm.jpg","0"
"lowdepth_011_dry_road_0cm.jpg","0"
"lowdepth_012_wet_road_1cm.jpg","1"
"lowdepth_013_dry_road_0cm.jpg","0"
"lowdepth_014_dry_road_0cm.jpg","0"
"lowdepth_015_wet_road_2cm.jpg","2"
"lowdepth_016_wet_road_5cm.jpg","5"
"lowdepth_017_dry_road_0cm.jpg","0"
"lowdepth_018_wet_road_2cm.jpg","2"
"lowdepth_019_wet_road_3cm.jpg","3"
"lowdepth_020_dry_road_0cm.jpg","0"
"lowdepth_021_wet_road_3cm.jpg","3"
"lowdepth_022_wet_road_2cm.webp","2"
"lowdepth_023_wet_road_1cm.jpg","1"
"lowdepth_024_dry_road_0cm.jpg","0"
"lowdepth_025_dry_road_0cm.jpg","0"
"lowdepth_026_wet_road_2cm.jpg","2"
"lowdepth_027_wet_road_2cm.jpg","2"
"lowdepth_028_dry_road_0cm.jpg","0"
"lowdepth_029_dry_road_0cm.jpg","0"
"lowdepth_030_wet_road_4cm.jpg","4"
"lowdepth_031_dry_road_0cm.jpg","0"
"lowdepth_032_wet_road_1cm.jpg","1"
"lowdepth_033_wet_road_3cm.jpg","3"
"lowdepth_034_dry_road_0cm.jpg","0"
"lowdepth_035_wet_road_3cm.jpg","3"
"lowdepth_036_dry_road_0cm.jpg","0"
"lowdepth_037_wet_road_5cm.jpg","5"
"lowdepth_038_dry_road_0cm.jpg","0"
"lowdepth_039_dry_road_0cm.jpg","0"
"lowdepth_040_dry_road_0cm.jpg","0"
"lowdepth_041_wet_road_4cm.jpg","4"
"lowdepth_042_wet_road_3cm.jpg","3"
"lowdepth_043_dry_road_0cm.jpg","0"
"lowdepth_044_dry_road_0cm.jpg","0"
"lowdepth_045_dry_road_0cm.webp","0"
"lowdepth_046_dry_road_0cm.jpg","0"
"lowdepth_047_dry_road_0cm.jpg","0"
"lowdepth_048_wet_road_2cm.jpg","2"
"lowdepth_049_dry_road_0cm.jpg","0"
"lowdepth_050_dry_road_0cm.jpg","0"
"lowdepth_051_wet_road_3cm.jpg","3"
"lowdepth_052_dry_road_0cm.jpg","0"
"lowdepth_053_dry_road_0cm.jpg","0"
"lowdepth_054_wet_road_1cm.jpg","1"
"lowdepth_055_dry_road_0cm.jpg","0"
"lowdepth_056_dry_road_0cm.jpg","0"
"lowdepth_057_wet_road_2cm.jpg","2"
"001_24CM.jpg","24"
"002_20CM.jpg","20"
"003_8CM.jpg","8"
"004_8cm.jpg","8"
"005_10CM.jpg","10"
"006_10CM.jpg","10"
"007_28CM.jpg","28"
"008_15CM.jpg","15"
"009_12CM.jpg","12"
"010_15CM.jpg","15"
"013_10CM.jpg","10"
"014_10CM.jpg","10"
"017_10CM.jpg","10"
"018_20CM.jpg","20"
"020_15CM.jpg","15"
"021_10CM.jpg","10"
"024_38CM.jpg","38"
"025_40CM.jpg","40"
"030_35CM.jpg","35"
"031_25CM.jpg","25"
"032_40CM.jpg","40"
"033_35CM.jpg","35"
"033_40CM.jpg","40"
"034_40CM.jpg","40"
"035_40CM.jpg","40"
"036_45CM.jpg","45"
"038_35CM.jpg","35"
"039_40CM.jpg","40"
"040_50CM.jpg","50"
"051_35CM.jpg","35"
"052_80CM.jpg","80"
"054_35CM.jpg","35"
"056_25CM.jpg","25"
"057_25CM.jpg","25"
"059_60CM.jpg","60"
"060_25CM.jpg","25"
"062_40CM.jpg","40"
"063_35CM.jpg","35"
"065_20CM.jpg","20"
"066_20CM.jpg","20"
"067_22CM.jpg","22"
"068_26CM.jpg","26"
"069_19CM.jpg","19"
"071_65CM.jpg","65"
"072_55CM.jpg","55"
"abhinav_20260923_01_42CM.jpeg","42"
"abhinav_20260923_02_18cm.jpeg","18"
"abhinav_20260923_03_17cm.jpg","17"
"abhinav_20260923_03_24CM.jpeg","24"
"abhinav_20260923_04_17cm.jpeg","17"
"abhinav_20260923_04_22CM.avif","22"
"abhinav_20260923_05_16cm.jpeg","16"
"abhinav_20260923_06_12cm.jpeg","12"
"abhinav_20260923_06_22CM.jpeg","22"
"abhinav_20260923_07_11cm.webp","11"
"abhinav_20260923_07_50CM.jpeg","50"
"abhinav_20260923_08_10cm.jpeg","10"
"abhinav_20260923_08_25CM.jpeg","25"
"abhinav_20260923_09_9cm.avif","9"
"abhinav_20260923_10_22CM.jpeg","22"
"abhinav_20260923_10_8cm.jpeg","8"
"abhinav_20260923_11_20CM.jpg","20"
"abhinav_20260923_11_8cm.jpg","8"
"abhinav_20260923_12_7cm.jpg","7"
"abhinav_20260923_13_6cm.jpeg","6"
"abhinav_20260923_14_6cm.avif","6"
"abhinav_20260923_15_5.5cm.jpeg","5.5"
"abhinav_20260923_17_.2cm.avif","0.2"
"abhinav_20260923_19_1cm.webp","1"
"abhinav_20260923_21_13CM.avif","13"
"abhinav_20260923_23_11cm.jpeg","11"
"sept23_0cm.jpg","0"
"sept23_0cm_2.jpg","0"
"sept23_0cm_3.jpg","0"
"sept23_0cm_4.jpg","0"
"sept23_0cm_5.jpg","0"
"sept23_0cm_6.jpg","0"
"sept23_0cm_7.jpg","0"
"sept23_0cm_8.jpg","0"
"sept23_10cm.jpg","10"
"sept23_12cm.jpg","12"
"sept23_13cm.jpg","13"
"sept23_14cm.jpg","14"
"sept23_15cm.jpg","15"
"sept23_15cm_2.jpg","15"
"sept23_16cm.jpg","16"
"sept23_16cm_2.jpg","16"
"sept23_17cm.jpg","17"
"sept23_18cm.jpg","18"
"sept23_18cm_2.jpg","18"
"sept23_1cm.jpg","1"
"sept23_1cm_2.jpg","1"
"sept23_1cm_3.jpg","1"
"sept23_1cm_4.jpg","1"
"sept23_1cm_5.jpg","1"
"sept23_1cm_6.jpg","1"
"sept23_1cm_7.jpg","1"
"sept23_1cm_8.jpg","1"
"sept23_1cm_9.jpg","1"
"sept23_20cm.jpg","20"
"sept23_20cm_2.jpg","20"
"sept23_20cm_3.jpg","20"
"sept23_22cm.jpg","22"
"sept23_24cm.jpg","24"
"sept23_25cm.jpg","25"
"sept23_25cm_2.jpg","25"
"sept23_26cm.jpg","26"
"sept23_27cm.jpg","27"
"sept23_28cm.jpg","28"
"sept23_29cm.jpg","29"
"sept23_2cm.jpg","2"
"sept23_2cm_2.jpg","2"
"sept23_2cm_3.jpg","2"
"sept23_2cm_4.jpg","2"
"sept23_2cm_5.jpg","2"
"sept23_2cm_6.jpg","2"
"sept23_2cm_7.jpg","2"
"sept23_2cm_8.jpg","2"
"sept23_2cm_9.jpg","2"
"sept23_30cm.jpg","30"
"sept23_32cm.jpg","32"
"sept23_38cm.jpg","38"
"sept23_38cm_2.jpg","38"
"sept23_3cm.jpg","3"
"sept23_3cm_2.jpg","3"
"sept23_3cm_3.jpg","3"
"sept23_3cm_4.jpg","3"
"sept23_4cm.jpg","4"
"sept23_5cm.jpg","5"
"sept23_5cm_2.jpg","5"
"sept23_5cm_3.jpg","5"
"sept23_6cm.jpg","6"
"sept23_7cm.jpg","7"
"sept23_7cm_2.jpg","7"
"sept23_8cm.jpg","8"
"sept23_8cm_2.jpg","8"
