filename,depth_cm
10.00cm.jpg,10.0
10.0cm.jpg,10.0
10.0cm_1.jpg,10.0
100.00cm.jpg,100.0
100.0cm.png,100.0
100cm.png,100.0
102.5cm.png,102.5
105cm.png,105.0
107cm.png,107.0
10cm.jpg,10.0
10cm_1.jpg,10.0
115.5cm.png,115.5
115cm.jpg,115.0
115cm.png,115.0
120.0cm.jpg,120.0
120.0cm.png,120.0
120cm.jpg,120.0
120cm.png,120.0
125cm.png,125.0
130cm.png,130.0
13cm.jpg,13.0
140cm.png,140.0
140cm_1.png,140.0
145cm.jpg,145.0
15.00cm.jpg,15.0
15.00cm.png,15.0
15.01cm.jpg,15.01
15.01cm.png,15.01
15.01cm_1.jpg,15.01
15.02cm.jpg,15.02
15.02cm_1.jpg,15.02
15.03cm.jpg,15.03
15.03cm_1.jpg,15.03
15.04cm.jpg,15.04
15.04cm.png,15.04
15.05cm.jpg,15.05
15.05cm.png,15.05
15.06cm.jpg,15.06
15.06cm.png,15.06
15.07cm.jpg,15.07
15.07cm_1.jpg,15.07
15.08cm.jpg,15.08
15.08cm_1.jpg,15.08
15.09cm.jpg,15.09
15.09cm_1.jpg,15.09
15.0cm.jpg,15.0
15.0cm.png,15.0
15.0cm_1.jpg,15.0
15.10cm.jpg,15.1
15.10cm.png,15.1
15.11cm.jpg,15.11
15.11cm.png,15.11
15.12cm.jpg,15.12
15.12cm_1.jpg,15.12
15.13cm.jpg,15.13
15.13cm.png,15.13
15.14cm.jpg,15.14
15.14cm_1.jpg,15.14
15.15cm.jpg,15.15
15.15cm.png,15.15
15.16cm.jpg,15.16
15.17cm.jpg,15.17
15.18cm.jpg,15.18
15.19cm.jpg,15.19
15.1cm.png,15.1
15.1cm_1.png,15.1
15.20cm.jpg,15.2
15.21cm.jpg,15.21
15.22cm.jpg,15.22
15.23cm.jpg,15.23
15.2cm.jpg,15.2
150cm.png,150.0
15cm.jpg,15.0
15cm_1.jpg,15.0
15cm_2.jpg,15.0
160.0cm.jpg,160.0
160cm.jpg,160.0
17.5cm.png,17.5
17cm.png,17.0
18cm.png,18.0
20.00cm.jpg,20.0
20.00cm.png,20.0
20.00cm_1.jpg,20.0
20.01cm.jpg,20.01
20.01cm.png,20.01
20.01cm_1.jpg,20.01
20.02cm.jpg,20.02
20.02cm_1.jpg,20.02
20.02cm_2.jpg,20.02
20.03cm.jpg,20.03
20.03cm.png,20.03
20.03cm_1.jpg,20.03
20.04cm.jpg,20.04
20.04cm_1.jpg,20.04
20.04cm_2.jpg,20.04
20.05cm.jpg,20.05
20.05cm_1.jpg,20.05
20.05cm_2.jpg,20.05
20.06cm.jpg,20.06
20.06cm_1.jpg,20.06
20.06cm_2.jpg,20.06
20.07cm.jpg,20.07
20.07cm_1.jpg,20.07
20.08cm.jpg,20.08
20.08cm.png,20.08
20.09cm.jpg,20.09
20.09cm_1.jpg,20.09
20.0cm.jpg,20.0
20.0cm_1.jpg,20.0
20.0cm_2.jpg,20.0
20.10cm.jpg,20.1
20.10cm_1.jpg,20.1
20.11cm.jpg,20.11
20.11cm_1.jpg,20.11
20.12cm.jpg,20.12
20.12cm.png,20.12
20.13cm.jpg,20.13
20.13cm_1.jpg,20.13
20.14cm.jpg,20.14
20.14cm_1.jpg,20.14
20.15cm.jpg,20.15
20.15cm_1.jpg,20.15
20.16cm.jpg,20.16
20.16cm.png,20.16
20.17cm.jpg,20.17
20.17cm_1.jpg,20.17
20.18cm.jpg,20.18
20.18cm_1.jpg,20.18
20.19cm.jpg,20.19
20.19cm_1.jpg,20.19
20.1cm.jpg,20.1
20.1cm_1.jpg,20.1
20.20cm.jpg,20.2
20.20cm_1.jpg,20.2
20.21cm.jpg,20.21
20.21cm.png,20.21
20.22c.jpg,20.22
20.24cm.jpg,20.24
20.25cm.jpg,20.25
20.26cm.jpg,20.26
20.27cm.jpg,20.27
20.28cm.jpg,20.28
20.29cm.jpg,20.29
20.2cm.jpg,20.2
20.2cm_1.jpg,20.2
20.30cm.jpg,20.3
20.31cm.jpg,20.31
20.32cm.jpg,20.32
20.33cm.jpg,20.33
20.3cm.jpg,20.3
20cm.jpg,20.0
20cm_1.jpg,20.0
20cm_2.jpg,20.0
22.50cm.jpg,22.5
22.50cm.png,22.5
22.50cm_1.jpg,22.5
22.51cm.jpg,22.51
22.52cm.jpg,22.52
22.53cm.jpg,22.53
22.54cm.jpg,22.54
22.55cm.jpg,22.55
22.56cm.jpg,22.56
22.57cm.jpg,22.57
22.5cm.jpg,22.5
22.5cm.png,22.5
22.5cm_1.png,22.5
25.00cm.jpg,25.0
25.00cm_1.jpg,25.0
25.00cm_2.jpg,25.0
25.01cm.jpg,25.01
25.01cm.png,25.01
25.01cm_1.jpg,25.01
25.02cm.jpg,25.02
25.02cm.png,25.02
25.03cm.jpg,25.03
25.03cm.png,25.03
25.04cm.png,25.04
25.05cm.jpg,25.05
25.06cm.jpg,25.06
25.0cm.jpg,25.0
25.0cm.png,25.0
25.0cm_1.jpg,25.0
25.0cm_2.jpg,25.0
25.5cm.jpg,25.5
25cm.jpg,25.0
25cm.png,25.0
25cm_1.png,25.0
26cm.jpg,26.0
27.50cm.jpg,27.5
27.50cm.png,27.5
27.51cm.jpg,27.51
27.51cm.png,27.51
27.52cm.jpg,27.52
27.52cm_1.jpg,27.52
27.53cm.jpg,27.53
27.54cm.jpg,27.54
27.55cm.jpg,27.55
27.56cm.jpg,27.56
27.57cm.png,27.57
27.58cm.png,27.58
27.59cm.png,27.59
27.5cm.jpg,27.5
27.5cm.png,27.5
27.60cm.jpg,27.6
27.61cm.jpg,27.61
27.62cm.jpg,27.62
27.63cm.jpg,27.63
27.64cm.jpg,27.64
27.65cm.jpg,27.65
27.66cm.jpg,27.66
27.6cm.jpg,27.6
2cm.jpg,2.0
30.00.jpg,30.0
30.01cm.jpg,30.01
30.02cm.jpg,30.02
30.03cm.png,30.03
30.0cm.jpg,30.0
30.0cm.png,30.0
30cm.png,30.0
30cm_1.png,30.0
30cm_2.png,30.0
32.0cm.jpg,32.0
32.0cm_1.jpg,32.0
32.50cm.jpg,32.5
32.50cm_1.jpg,32.5
32.51cm.jpg,32.51
32.51cm_1.jpg,32.51
32.51cm_2.jpg,32.51
32.52cm.jpg,32.52
32.52cm_1.jpg,32.52
32.53cm.png,32.53
32.54cm.jpg,32.54
32.5cm.jpg,32.5
32.5cm_1.jpg,32.5
32.5cm_2.jpg,32.5
32cm.jpg,32.0
35.00cm.jpg,35.0
35.00cm.png,35.0
35.00cm_1.jpg,35.0
35.01cm.jpg,35.01
35.01cm.png,35.01
35.02cm.jpg,35.02
35.03cm.jpg,35.03
35.04cm.jpg,35.04
35.0cm.png,35.0
35.0cm_1.png,35.0
35.0cm_2.png,35.0
35.5cm.jpg,35.5
35cm.jpg,35.0
35cm.png,35.0
35cm_1.png,35.0
36cm.jpg,36.0
37.50cm.jpg,37.5
37.50cm.png,37.5
37.51cm.jpg,37.51
37.51cm_1.jpg,37.51
37.52cm.jpg,37.52
37.53cm.jpg,37.53
37.54cm.jpg,37.54
37.55cm.jpg,37.55
37.56cm.jpg,37.56
37.57cm.jpg,37.57
37.58cm.png,37.58
37.5cm.jpg,37.5
37.5cm_1.jpg,37.5
37.5cm_2.jpg,37.5
37cm.jpg,37.0
40.00cm.jpg,40.0
40.01cm.png,40.01
40.5cm.jpg,40.5
40cm.png,40.0
40cm_1.png,40.0
42.5.jpg,42.5
42.50cm.jpg,42.5
42.50cm_1.jpg,42.5
42.51cm.jpg,42.51
42.51cm.png,42.51
42.51cm_1.png,42.51
42.52cm.jpg,42.52
42.52cm_1.jpg,42.52
42.53cm.jpg,42.53
42.53cm_1.jpg,42.53
42.5cm.png,42.5
42.5cm_1.png,42.5
42cm.png,42.0
45.00cm.jpg,45.0
45.01cm.png,45.01
45.02cm.jpg,45.02
45.03cm.png,45.03
45.04cm.jpg,45.04
45.0cm.jpg,45.0
45.5cm.png,45.5
45cm.jpg,45.0
45cm.png,45.0
45cm_1.png,45.0
47.0cm.png,47.0
47.50cm.jpg,47.5
47.50cm.png,47.5
47.51cm.jpg,47.51
47.52cm.jpg,47.52
47.5cm.jpg,47.5
47.5cm_1.jpg,47.5
47cm.jpg,47.0
48cm.png,48.0
5.0cm.jpg,5.0
50.00cm.jpg,50.0
50.00cm.png,50.0
50.01cm.jpg,50.01
50.01cm_1.jpg,50.01
50.02.jpg,50.02
50.02cm.jpg,50.02
50.03cm.jpg,50.03
50.04cm.jpg,50.04
50.0cm.jpg,50.0
50.0cm.png,50.0
50.51cm.jpg,50.51
50.5cm.png,50.5
50cm.jpg,50.0
50cm.png,50.0
50cm_1.png,50.0
51cm.jpg,51.0
52.01cm.png,52.01
52.0cm.jpg,52.0
52.5.jpg,52.5
52.50cm.jpg,52.5
52.51cm.jpg,52.51
52.51cm.png,52.51
52.5cm.jpg,52.5
52.6cm.png,52.6
52cm.jpg,52.0
53cm.jpg,53.0
54cm.jpg,54.0
55.00cm.jpg,55.0
55.00cm_1.jpg,55.0
55.01cm.jpg,55.01
55.0cm.jpg,55.0
55.0cm.png,55.0
55cm.jpg,55.0
55cm_1.jpg,55.0
55cm_2.jpg,55.0
57.5cm.jpg,57.5
57.5cm.png,57.5
57cm.png,57.0
5cm.jpg,5.0
5cm_1.jpg,5.0
60.00cm.png,60.0
60.01cm.png,60.01
60.02cm.jpg,60.02
60.0cm.png,60.0
60.0cm_1.png,60.0
60cm.jpg,60.0
60cm.png,60.0
60cm_1.jpg,60.0
62.5cm.jpg,62.5
62cm.png,62.0
63cm.jpg,63.0
65.01cm.jpg,65.01
65.0cm.png,65.0
65cm.jpg,65.0
65cm.png,65.0
67cm.jpg,67.0
68cm.png,68.0
7.50cm.jpg,7.5
7.5cm.jpg,7.5
70.01cm.jpg,70.01
70.01cm.png,70.01
70.02cm.png,70.02
70.03cm.png,70.03
70.0cm.jpg,70.0
70.0cm.png,70.0
70cm.jpg,70.0
70cm_1.jpg,70.0
70cm_2.jpg,70.0
72.5cm.png,72.5
72cm.png,72.0
75.0cm.png,75.0
75cm.jpg,75.0
75cm_1.jpg,75.0
77.5cm.jpg,77.5
77.5cm_1.jpg,77.5
80.0cm.png,80.0
80cm.png,80.0
80cm_1.png,80.0
82.0cm.png,82.0
82.5cm.jpg,82.5
82cm.png,82.0
85.0cm.jpg,85.0
85.0cm.png,85.0
85cm.jpg,85.0
85cm.png,85.0
87.50cm.png,87.5
87.51cm.png,87.51
87.52cm.png,87.52
87.5cm.png,87.5
90.00cm.jpg,90.0
90.01cm.jpg,90.01
90.01cm_1.jpg,90.01
90.02cm.jpg,90.02
90.03cm.jpg,90.03
90.04cm.jpg,90.04
90.05cm.jpg,90.05
90.06cm.jpg,90.06
90.07cm.jpg,90.07
90.0cm.png,90.0
90cm.jpg,90.0
90cm.png,90.0
90cm_1.png,90.0
95.0cm.jpg,95.0
95cm.jpg,95.0
95cm.png,95.0
97.5cm.png,97.5
image_14.jpg,25.0
image_16.jpg,5.0
image_2.jpg,5.0
image_24.jpg,65.0
image_4.jpg,35.0
image_407.jpg,35.0
image_408.jpg,15.0
image_432.jpg,20.0
image_433.jpg,2.0
image_439.jpg,2.0
image_75.jpg,25.0
image_80.jpg,20.0
image_9.jpg,15.0
landscape-view-lonely-dead-tree-260nw-1705648108.webp,0.0
