"split","scene_class","source_path","dataset_path"
"train","dry_road","evaluation_data\images\dry_150525_r26543.webp","training_data\road_scene_classifier\train\dry_road\001_dry_150525_r26543.webp"
"train","dry_road","evaluation_data\images\dry_bike_road.jpg","training_data\road_scene_classifier\train\dry_road\002_dry_bike_road.jpg"
"train","dry_road","evaluation_data\images\dry_desert-country.webp","training_data\road_scene_classifier\train\dry_road\003_dry_desert-country.webp"
"train","dry_road","evaluation_data\images\dry_draught.jpg","training_data\road_scene_classifier\train\dry_road\004_dry_draught.jpg"
"train","dry_road","evaluation_data\images\dry_draught_1.jpg","training_data\road_scene_classifier\train\dry_road\005_dry_draught_1.jpg"
"train","dry_road","evaluation_data\images\dry_Empty_Road.jpg","training_data\road_scene_classifier\train\dry_road\006_dry_Empty_Road.jpg"
"train","dry_road","evaluation_data\images\dry_human_dry_field.jpg","training_data\road_scene_classifier\train\dry_road\007_dry_human_dry_field.jpg"
"train","dry_road","evaluation_data\images\dry_human_dry_sand.jpg","training_data\road_scene_classifier\train\dry_road\008_dry_human_dry_sand.jpg"
"train","dry_road","evaluation_data\images\dry_landscape-view-lonely-dead-tree-260nw-1705648108.webp","training_data\road_scene_classifier\train\dry_road\009_dry_landscape-view-lonely-dead-tree-260nw-1705648108.webp"
"validation","dry_road","evaluation_data\images\dry_lonely-trees-beside-dirt-road.webp","training_data\road_scene_classifier\validation\dry_road\010_dry_lonely-trees-beside-dirt-road.webp"
"test","dry_road","evaluation_data\images\dry_road_gir.jpg","training_data\road_scene_classifier\test\dry_road\011_dry_road_gir.jpg"
"test","dry_road","evaluation_data\images\dry_some-desert-places.webp","training_data\road_scene_classifier\test\dry_road\012_dry_some-desert-places.webp"
"test","dry_road","evaluation_data\images\dry_sunset_road_land.webp","training_data\road_scene_classifier\test\dry_road\013_dry_sunset_road_land.webp"
"train","wet_road","C:\Users\abhij\OneDrive\Desktop\WellLabs\flood_project_cleaned\evaluation_data\images\wet road _1.jpg","training_data\road_scene_classifier\train\wet_road\001_wet road _1.jpg"
"train","wet_road","C:\Users\abhij\OneDrive\Desktop\WellLabs\flood_project_cleaned\evaluation_data\images\wet road _10.jpg","training_data\road_scene_classifier\train\wet_road\002_wet road _10.jpg"
"train","wet_road","C:\Users\abhij\OneDrive\Desktop\WellLabs\flood_project_cleaned\evaluation_data\images\wet road _11.jpg","training_data\road_scene_classifier\train\wet_road\003_wet road _11.jpg"
"train","wet_road","C:\Users\abhij\OneDrive\Desktop\WellLabs\flood_project_cleaned\evaluation_data\images\wet road _12.jpg","training_data\road_scene_classifier\train\wet_road\004_wet road _12.jpg"
"train","wet_road","C:\Users\abhij\OneDrive\Desktop\WellLabs\flood_project_cleaned\evaluation_data\images\wet road _2.jpg","training_data\road_scene_classifier\train\wet_road\005_wet road _2.jpg"
"train","wet_road","C:\Users\abhij\OneDrive\Desktop\WellLabs\flood_project_cleaned\evaluation_data\images\wet road _3.jpg","training_data\road_scene_classifier\train\wet_road\006_wet road _3.jpg"
"train","wet_road","C:\Users\abhij\OneDrive\Desktop\WellLabs\flood_project_cleaned\evaluation_data\images\wet road _4.jpg","training_data\road_scene_classifier\train\wet_road\007_wet road _4.jpg"
"train","wet_road","C:\Users\abhij\OneDrive\Desktop\WellLabs\flood_project_cleaned\evaluation_data\images\wet road _5.jpg","training_data\road_scene_classifier\train\wet_road\008_wet road _5.jpg"
"validation","wet_road","C:\Users\abhij\OneDrive\Desktop\WellLabs\flood_project_cleaned\evaluation_data\images\wet road _6.jpg","training_data\road_scene_classifier\validation\wet_road\009_wet road _6.jpg"
"test","wet_road","C:\Users\abhij\OneDrive\Desktop\WellLabs\flood_project_cleaned\evaluation_data\images\wet road _7.jpg","training_data\road_scene_classifier\test\wet_road\010_wet road _7.jpg"
"test","wet_road","C:\Users\abhij\OneDrive\Desktop\WellLabs\flood_project_cleaned\evaluation_data\images\wet road _8.jpg","training_data\road_scene_classifier\test\wet_road\011_wet road _8.jpg"
"test","wet_road","C:\Users\abhij\OneDrive\Desktop\WellLabs\flood_project_cleaned\evaluation_data\images\wet road _9.jpg","training_data\road_scene_classifier\test\wet_road\012_wet road _9.jpg"
"train","shallow_flood","training_data\images\10.00cm.jpg","training_data\road_scene_classifier\train\shallow_flood\001_10.00cm.jpg"
"train","shallow_flood","training_data\images\10.0cm.jpg","training_data\road_scene_classifier\train\shallow_flood\002_10.0cm.jpg"
"train","shallow_flood","training_data\images\10.0cm_1.jpg","training_data\road_scene_classifier\train\shallow_flood\003_10.0cm_1.jpg"
"train","shallow_flood","training_data\images\10cm.jpg","training_data\road_scene_classifier\train\shallow_flood\004_10cm.jpg"
"train","shallow_flood","training_data\images\10cm_1.jpg","training_data\road_scene_classifier\train\shallow_flood\005_10cm_1.jpg"
"train","shallow_flood","training_data\images\13cm.jpg","training_data\road_scene_classifier\train\shallow_flood\006_13cm.jpg"
"train","shallow_flood","training_data\images\15.00cm.jpg","training_data\road_scene_classifier\train\shallow_flood\007_15.00cm.jpg"
"train","shallow_flood","training_data\images\15.00cm.png","training_data\road_scene_classifier\train\shallow_flood\008_15.00cm.png"
"train","shallow_flood","training_data\images\15.0cm.jpg","training_data\road_scene_classifier\train\shallow_flood\009_15.0cm.jpg"
"train","shallow_flood","training_data\images\15.0cm.png","training_data\road_scene_classifier\train\shallow_flood\010_15.0cm.png"
"train","shallow_flood","training_data\images\15.0cm_1.jpg","training_data\road_scene_classifier\train\shallow_flood\011_15.0cm_1.jpg"
"train","shallow_flood","training_data\images\15cm.jpg","training_data\road_scene_classifier\train\shallow_flood\012_15cm.jpg"
"train","shallow_flood","training_data\images\15cm_1.jpg","training_data\road_scene_classifier\train\shallow_flood\013_15cm_1.jpg"
"train","shallow_flood","training_data\images\15cm_2.jpg","training_data\road_scene_classifier\train\shallow_flood\014_15cm_2.jpg"
"train","shallow_flood","training_data\images\2cm.jpg","training_data\road_scene_classifier\train\shallow_flood\015_2cm.jpg"
"train","shallow_flood","training_data\images\5.0cm.jpg","training_data\road_scene_classifier\train\shallow_flood\016_5.0cm.jpg"
"train","shallow_flood","training_data\images\5cm.jpg","training_data\road_scene_classifier\train\shallow_flood\017_5cm.jpg"
"train","shallow_flood","training_data\images\5cm_1.jpg","training_data\road_scene_classifier\train\shallow_flood\018_5cm_1.jpg"
"validation","shallow_flood","training_data\images\7.50cm.jpg","training_data\road_scene_classifier\validation\shallow_flood\019_7.50cm.jpg"
"validation","shallow_flood","training_data\images\7.5cm.jpg","training_data\road_scene_classifier\validation\shallow_flood\020_7.5cm.jpg"
"validation","shallow_flood","training_data\images\image_16.jpg","training_data\road_scene_classifier\validation\shallow_flood\021_image_16.jpg"
"test","shallow_flood","training_data\images\image_2.jpg","training_data\road_scene_classifier\test\shallow_flood\022_image_2.jpg"
"test","shallow_flood","training_data\images\image_408.jpg","training_data\road_scene_classifier\test\shallow_flood\023_image_408.jpg"
"test","shallow_flood","training_data\images\image_433.jpg","training_data\road_scene_classifier\test\shallow_flood\024_image_433.jpg"
"test","shallow_flood","training_data\images\image_439.jpg","training_data\road_scene_classifier\test\shallow_flood\025_image_439.jpg"
"test","shallow_flood","training_data\images\image_9.jpg","training_data\road_scene_classifier\test\shallow_flood\026_image_9.jpg"
"train","meaningful_flood","training_data\images\100.00cm.jpg","training_data\road_scene_classifier\train\meaningful_flood\001_100.00cm.jpg"
"train","meaningful_flood","training_data\images\100.0cm.png","training_data\road_scene_classifier\train\meaningful_flood\002_100.0cm.png"
"train","meaningful_flood","training_data\images\100cm.png","training_data\road_scene_classifier\train\meaningful_flood\003_100cm.png"
"train","meaningful_flood","training_data\images\102.5cm.png","training_data\road_scene_classifier\train\meaningful_flood\004_102.5cm.png"
"train","meaningful_flood","training_data\images\105cm.png","training_data\road_scene_classifier\train\meaningful_flood\005_105cm.png"
"train","meaningful_flood","training_data\images\107cm.png","training_data\road_scene_classifier\train\meaningful_flood\006_107cm.png"
"train","meaningful_flood","training_data\images\115.5cm.png","training_data\road_scene_classifier\train\meaningful_flood\007_115.5cm.png"
"train","meaningful_flood","training_data\images\115cm.jpg","training_data\road_scene_classifier\train\meaningful_flood\008_115cm.jpg"
"train","meaningful_flood","training_data\images\115cm.png","training_data\road_scene_classifier\train\meaningful_flood\009_115cm.png"
"train","meaningful_flood","training_data\images\120.0cm.jpg","training_data\road_scene_classifier\train\meaningful_flood\010_120.0cm.jpg"
"train","meaningful_flood","training_data\images\120.0cm.png","training_data\road_scene_classifier\train\meaningful_flood\011_120.0cm.png"
"train","meaningful_flood","training_data\images\120cm.jpg","training_data\road_scene_classifier\train\meaningful_flood\012_120cm.jpg"
"train","meaningful_flood","training_data\images\120cm.png","training_data\road_scene_classifier\train\meaningful_flood\013_120cm.png"
"train","meaningful_flood","training_data\images\125cm.png","training_data\road_scene_classifier\train\meaningful_flood\014_125cm.png"
"train","meaningful_flood","training_data\images\130cm.png","training_data\road_scene_classifier\train\meaningful_flood\015_130cm.png"
"train","meaningful_flood","training_data\images\140cm.png","training_data\road_scene_classifier\train\meaningful_flood\016_140cm.png"
"train","meaningful_flood","training_data\images\140cm_1.png","training_data\road_scene_classifier\train\meaningful_flood\017_140cm_1.png"
"train","meaningful_flood","training_data\images\145cm.jpg","training_data\road_scene_classifier\train\meaningful_flood\018_145cm.jpg"
"train","meaningful_flood","training_data\images\15.01cm.jpg","training_data\road_scene_classifier\train\meaningful_flood\019_15.01cm.jpg"
"train","meaningful_flood","training_data\images\15.01cm.png","training_data\road_scene_classifier\train\meaningful_flood\020_15.01cm.png"
"train","meaningful_flood","training_data\images\15.01cm_1.jpg","training_data\road_scene_classifier\train\meaningful_flood\021_15.01cm_1.jpg"
"train","meaningful_flood","training_data\images\15.02cm.jpg","training_data\road_scene_classifier\train\meaningful_flood\022_15.02cm.jpg"
"train","meaningful_flood","training_data\images\15.02cm_1.jpg","training_data\road_scene_classifier\train\meaningful_flood\023_15.02cm_1.jpg"
"train","meaningful_flood","training_data\images\15.03cm.jpg","training_data\road_scene_classifier\train\meaningful_flood\024_15.03cm.jpg"
"train","meaningful_flood","training_data\images\15.03cm_1.jpg","training_data\road_scene_classifier\train\meaningful_flood\025_15.03cm_1.jpg"
"train","meaningful_flood","training_data\images\15.04cm.jpg","training_data\road_scene_classifier\train\meaningful_flood\026_15.04cm.jpg"
"train","meaningful_flood","training_data\images\15.04cm.png","training_data\road_scene_classifier\train\meaningful_flood\027_15.04cm.png"
"train","meaningful_flood","training_data\images\15.05cm.jpg","training_data\road_scene_classifier\train\meaningful_flood\028_15.05cm.jpg"
"train","meaningful_flood","training_data\images\15.05cm.png","training_data\road_scene_classifier\train\meaningful_flood\029_15.05cm.png"
"train","meaningful_flood","training_data\images\15.06cm.jpg","training_data\road_scene_classifier\train\meaningful_flood\030_15.06cm.jpg"
"train","meaningful_flood","training_data\images\15.06cm.png","training_data\road_scene_classifier\train\meaningful_flood\031_15.06cm.png"
"train","meaningful_flood","training_data\images\15.07cm.jpg","training_data\road_scene_classifier\train\meaningful_flood\032_15.07cm.jpg"
"train","meaningful_flood","training_data\images\15.07cm_1.jpg","training_data\road_scene_classifier\train\meaningful_flood\033_15.07cm_1.jpg"
"train","meaningful_flood","training_data\images\15.08cm.jpg","training_data\road_scene_classifier\train\meaningful_flood\034_15.08cm.jpg"
"train","meaningful_flood","training_data\images\15.08cm_1.jpg","training_data\road_scene_classifier\train\meaningful_flood\035_15.08cm_1.jpg"
"train","meaningful_flood","training_data\images\15.09cm.jpg","training_data\road_scene_classifier\train\meaningful_flood\036_15.09cm.jpg"
"train","meaningful_flood","training_data\images\15.09cm_1.jpg","training_data\road_scene_classifier\train\meaningful_flood\037_15.09cm_1.jpg"
"train","meaningful_flood","training_data\images\15.10cm.jpg","training_data\road_scene_classifier\train\meaningful_flood\038_15.10cm.jpg"
"train","meaningful_flood","training_data\images\15.10cm.png","training_data\road_scene_classifier\train\meaningful_flood\039_15.10cm.png"
"train","meaningful_flood","training_data\images\15.11cm.jpg","training_data\road_scene_classifier\train\meaningful_flood\040_15.11cm.jpg"
"train","meaningful_flood","training_data\images\15.11cm.png","training_data\road_scene_classifier\train\meaningful_flood\041_15.11cm.png"
"train","meaningful_flood","training_data\images\15.12cm.jpg","training_data\road_scene_classifier\train\meaningful_flood\042_15.12cm.jpg"
"train","meaningful_flood","training_data\images\15.12cm_1.jpg","training_data\road_scene_classifier\train\meaningful_flood\043_15.12cm_1.jpg"
"train","meaningful_flood","training_data\images\15.13cm.jpg","training_data\road_scene_classifier\train\meaningful_flood\044_15.13cm.jpg"
"train","meaningful_flood","training_data\images\15.13cm.png","training_data\road_scene_classifier\train\meaningful_flood\045_15.13cm.png"
"train","meaningful_flood","training_data\images\15.14cm.jpg","training_data\road_scene_classifier\train\meaningful_flood\046_15.14cm.jpg"
"train","meaningful_flood","training_data\images\15.14cm_1.jpg","training_data\road_scene_classifier\train\meaningful_flood\047_15.14cm_1.jpg"
"train","meaningful_flood","training_data\images\15.15cm.jpg","training_data\road_scene_classifier\train\meaningful_flood\048_15.15cm.jpg"
"train","meaningful_flood","training_data\images\15.15cm.png","training_data\road_scene_classifier\train\meaningful_flood\049_15.15cm.png"
"train","meaningful_flood","training_data\images\15.16cm.jpg","training_data\road_scene_classifier\train\meaningful_flood\050_15.16cm.jpg"
"train","meaningful_flood","training_data\images\15.17cm.jpg","training_data\road_scene_classifier\train\meaningful_flood\051_15.17cm.jpg"
"train","meaningful_flood","training_data\images\15.18cm.jpg","training_data\road_scene_classifier\train\meaningful_flood\052_15.18cm.jpg"
"train","meaningful_flood","training_data\images\15.19cm.jpg","training_data\road_scene_classifier\train\meaningful_flood\053_15.19cm.jpg"
"train","meaningful_flood","training_data\images\15.1cm.png","training_data\road_scene_classifier\train\meaningful_flood\054_15.1cm.png"
"train","meaningful_flood","training_data\images\15.1cm_1.png","training_data\road_scene_classifier\train\meaningful_flood\055_15.1cm_1.png"
"train","meaningful_flood","training_data\images\15.20cm.jpg","training_data\road_scene_classifier\train\meaningful_flood\056_15.20cm.jpg"
"train","meaningful_flood","training_data\images\15.21cm.jpg","training_data\road_scene_classifier\train\meaningful_flood\057_15.21cm.jpg"
"train","meaningful_flood","training_data\images\15.22cm.jpg","training_data\road_scene_classifier\train\meaningful_flood\058_15.22cm.jpg"
"train","meaningful_flood","training_data\images\15.23cm.jpg","training_data\road_scene_classifier\train\meaningful_flood\059_15.23cm.jpg"
"train","meaningful_flood","training_data\images\15.2cm.jpg","training_data\road_scene_classifier\train\meaningful_flood\060_15.2cm.jpg"
"train","meaningful_flood","training_data\images\150cm.png","training_data\road_scene_classifier\train\meaningful_flood\061_150cm.png"
"train","meaningful_flood","training_data\images\160.0cm.jpg","training_data\road_scene_classifier\train\meaningful_flood\062_160.0cm.jpg"
"train","meaningful_flood","training_data\images\160cm.jpg","training_data\road_scene_classifier\train\meaningful_flood\063_160cm.jpg"
"train","meaningful_flood","training_data\images\17.5cm.png","training_data\road_scene_classifier\train\meaningful_flood\064_17.5cm.png"
"train","meaningful_flood","training_data\images\17cm.png","training_data\road_scene_classifier\train\meaningful_flood\065_17cm.png"
"train","meaningful_flood","training_data\images\18cm.png","training_data\road_scene_classifier\train\meaningful_flood\066_18cm.png"
"train","meaningful_flood","training_data\images\20.00cm.jpg","training_data\road_scene_classifier\train\meaningful_flood\067_20.00cm.jpg"
"train","meaningful_flood","training_data\images\20.00cm.png","training_data\road_scene_classifier\train\meaningful_flood\068_20.00cm.png"
"train","meaningful_flood","training_data\images\20.00cm_1.jpg","training_data\road_scene_classifier\train\meaningful_flood\069_20.00cm_1.jpg"
"train","meaningful_flood","training_data\images\20.01cm.jpg","training_data\road_scene_classifier\train\meaningful_flood\070_20.01cm.jpg"
"train","meaningful_flood","training_data\images\20.01cm.png","training_data\road_scene_classifier\train\meaningful_flood\071_20.01cm.png"
"train","meaningful_flood","training_data\images\20.01cm_1.jpg","training_data\road_scene_classifier\train\meaningful_flood\072_20.01cm_1.jpg"
"train","meaningful_flood","training_data\images\20.02cm.jpg","training_data\road_scene_classifier\train\meaningful_flood\073_20.02cm.jpg"
"train","meaningful_flood","training_data\images\20.02cm_1.jpg","training_data\road_scene_classifier\train\meaningful_flood\074_20.02cm_1.jpg"
"train","meaningful_flood","training_data\images\20.02cm_2.jpg","training_data\road_scene_classifier\train\meaningful_flood\075_20.02cm_2.jpg"
"train","meaningful_flood","training_data\images\20.03cm.jpg","training_data\road_scene_classifier\train\meaningful_flood\076_20.03cm.jpg"
"train","meaningful_flood","training_data\images\20.03cm.png","training_data\road_scene_classifier\train\meaningful_flood\077_20.03cm.png"
"train","meaningful_flood","training_data\images\20.03cm_1.jpg","training_data\road_scene_classifier\train\meaningful_flood\078_20.03cm_1.jpg"
"train","meaningful_flood","training_data\images\20.04cm.jpg","training_data\road_scene_classifier\train\meaningful_flood\079_20.04cm.jpg"
"train","meaningful_flood","training_data\images\20.04cm_1.jpg","training_data\road_scene_classifier\train\meaningful_flood\080_20.04cm_1.jpg"
"train","meaningful_flood","training_data\images\20.04cm_2.jpg","training_data\road_scene_classifier\train\meaningful_flood\081_20.04cm_2.jpg"
"train","meaningful_flood","training_data\images\20.05cm.jpg","training_data\road_scene_classifier\train\meaningful_flood\082_20.05cm.jpg"
"train","meaningful_flood","training_data\images\20.05cm_1.jpg","training_data\road_scene_classifier\train\meaningful_flood\083_20.05cm_1.jpg"
"train","meaningful_flood","training_data\images\20.05cm_2.jpg","training_data\road_scene_classifier\train\meaningful_flood\084_20.05cm_2.jpg"
"train","meaningful_flood","training_data\images\20.06cm.jpg","training_data\road_scene_classifier\train\meaningful_flood\085_20.06cm.jpg"
"train","meaningful_flood","training_data\images\20.06cm_1.jpg","training_data\road_scene_classifier\train\meaningful_flood\086_20.06cm_1.jpg"
"train","meaningful_flood","training_data\images\20.06cm_2.jpg","training_data\road_scene_classifier\train\meaningful_flood\087_20.06cm_2.jpg"
"train","meaningful_flood","training_data\images\20.07cm.jpg","training_data\road_scene_classifier\train\meaningful_flood\088_20.07cm.jpg"
"train","meaningful_flood","training_data\images\20.07cm_1.jpg","training_data\road_scene_classifier\train\meaningful_flood\089_20.07cm_1.jpg"
"train","meaningful_flood","training_data\images\20.08cm.jpg","training_data\road_scene_classifier\train\meaningful_flood\090_20.08cm.jpg"
"train","meaningful_flood","training_data\images\20.08cm.png","training_data\road_scene_classifier\train\meaningful_flood\091_20.08cm.png"
"train","meaningful_flood","training_data\images\20.09cm.jpg","training_data\road_scene_classifier\train\meaningful_flood\092_20.09cm.jpg"
"train","meaningful_flood","training_data\images\20.09cm_1.jpg","training_data\road_scene_classifier\train\meaningful_flood\093_20.09cm_1.jpg"
"train","meaningful_flood","training_data\images\20.0cm.jpg","training_data\road_scene_classifier\train\meaningful_flood\094_20.0cm.jpg"
"train","meaningful_flood","training_data\images\20.0cm_1.jpg","training_data\road_scene_classifier\train\meaningful_flood\095_20.0cm_1.jpg"
"train","meaningful_flood","training_data\images\20.0cm_2.jpg","training_data\road_scene_classifier\train\meaningful_flood\096_20.0cm_2.jpg"
"train","meaningful_flood","training_data\images\20.10cm.jpg","training_data\road_scene_classifier\train\meaningful_flood\097_20.10cm.jpg"
"train","meaningful_flood","training_data\images\20.10cm_1.jpg","training_data\road_scene_classifier\train\meaningful_flood\098_20.10cm_1.jpg"
"train","meaningful_flood","training_data\images\20.11cm.jpg","training_data\road_scene_classifier\train\meaningful_flood\099_20.11cm.jpg"
"train","meaningful_flood","training_data\images\20.11cm_1.jpg","training_data\road_scene_classifier\train\meaningful_flood\100_20.11cm_1.jpg"
"train","meaningful_flood","training_data\images\20.12cm.jpg","training_data\road_scene_classifier\train\meaningful_flood\101_20.12cm.jpg"
"train","meaningful_flood","training_data\images\20.12cm.png","training_data\road_scene_classifier\train\meaningful_flood\102_20.12cm.png"
"train","meaningful_flood","training_data\images\20.13cm.jpg","training_data\road_scene_classifier\train\meaningful_flood\103_20.13cm.jpg"
"train","meaningful_flood","training_data\images\20.13cm_1.jpg","training_data\road_scene_classifier\train\meaningful_flood\104_20.13cm_1.jpg"
"train","meaningful_flood","training_data\images\20.14cm.jpg","training_data\road_scene_classifier\train\meaningful_flood\105_20.14cm.jpg"
"train","meaningful_flood","training_data\images\20.14cm_1.jpg","training_data\road_scene_classifier\train\meaningful_flood\106_20.14cm_1.jpg"
"train","meaningful_flood","training_data\images\20.15cm.jpg","training_data\road_scene_classifier\train\meaningful_flood\107_20.15cm.jpg"
"train","meaningful_flood","training_data\images\20.15cm_1.jpg","training_data\road_scene_classifier\train\meaningful_flood\108_20.15cm_1.jpg"
"train","meaningful_flood","training_data\images\20.16cm.jpg","training_data\road_scene_classifier\train\meaningful_flood\109_20.16cm.jpg"
"train","meaningful_flood","training_data\images\20.16cm.png","training_data\road_scene_classifier\train\meaningful_flood\110_20.16cm.png"
"train","meaningful_flood","training_data\images\20.17cm.jpg","training_data\road_scene_classifier\train\meaningful_flood\111_20.17cm.jpg"
"train","meaningful_flood","training_data\images\20.17cm_1.jpg","training_data\road_scene_classifier\train\meaningful_flood\112_20.17cm_1.jpg"
"train","meaningful_flood","training_data\images\20.18cm.jpg","training_data\road_scene_classifier\train\meaningful_flood\113_20.18cm.jpg"
"train","meaningful_flood","training_data\images\20.18cm_1.jpg","training_data\road_scene_classifier\train\meaningful_flood\114_20.18cm_1.jpg"
"train","meaningful_flood","training_data\images\20.19cm.jpg","training_data\road_scene_classifier\train\meaningful_flood\115_20.19cm.jpg"
"train","meaningful_flood","training_data\images\20.19cm_1.jpg","training_data\road_scene_classifier\train\meaningful_flood\116_20.19cm_1.jpg"
"train","meaningful_flood","training_data\images\20.1cm.jpg","training_data\road_scene_classifier\train\meaningful_flood\117_20.1cm.jpg"
"train","meaningful_flood","training_data\images\20.1cm_1.jpg","training_data\road_scene_classifier\train\meaningful_flood\118_20.1cm_1.jpg"
"train","meaningful_flood","training_data\images\20.20cm.jpg","training_data\road_scene_classifier\train\meaningful_flood\119_20.20cm.jpg"
"train","meaningful_flood","training_data\images\20.20cm_1.jpg","training_data\road_scene_classifier\train\meaningful_flood\120_20.20cm_1.jpg"
"train","meaningful_flood","training_data\images\20.21cm.jpg","training_data\road_scene_classifier\train\meaningful_flood\121_20.21cm.jpg"
"train","meaningful_flood","training_data\images\20.21cm.png","training_data\road_scene_classifier\train\meaningful_flood\122_20.21cm.png"
"train","meaningful_flood","training_data\images\20.22c.jpg","training_data\road_scene_classifier\train\meaningful_flood\123_20.22c.jpg"
"train","meaningful_flood","training_data\images\20.24cm.jpg","training_data\road_scene_classifier\train\meaningful_flood\124_20.24cm.jpg"
"train","meaningful_flood","training_data\images\20.25cm.jpg","training_data\road_scene_classifier\train\meaningful_flood\125_20.25cm.jpg"
"train","meaningful_flood","training_data\images\20.26cm.jpg","training_data\road_scene_classifier\train\meaningful_flood\126_20.26cm.jpg"
"train","meaningful_flood","training_data\images\20.27cm.jpg","training_data\road_scene_classifier\train\meaningful_flood\127_20.27cm.jpg"
"train","meaningful_flood","training_data\images\20.28cm.jpg","training_data\road_scene_classifier\train\meaningful_flood\128_20.28cm.jpg"
"train","meaningful_flood","training_data\images\20.29cm.jpg","training_data\road_scene_classifier\train\meaningful_flood\129_20.29cm.jpg"
"train","meaningful_flood","training_data\images\20.2cm.jpg","training_data\road_scene_classifier\train\meaningful_flood\130_20.2cm.jpg"
"train","meaningful_flood","training_data\images\20.2cm_1.jpg","training_data\road_scene_classifier\train\meaningful_flood\131_20.2cm_1.jpg"
"train","meaningful_flood","training_data\images\20.30cm.jpg","training_data\road_scene_classifier\train\meaningful_flood\132_20.30cm.jpg"
"train","meaningful_flood","training_data\images\20.31cm.jpg","training_data\road_scene_classifier\train\meaningful_flood\133_20.31cm.jpg"
"train","meaningful_flood","training_data\images\20.32cm.jpg","training_data\road_scene_classifier\train\meaningful_flood\134_20.32cm.jpg"
"train","meaningful_flood","training_data\images\20.33cm.jpg","training_data\road_scene_classifier\train\meaningful_flood\135_20.33cm.jpg"
"train","meaningful_flood","training_data\images\20.3cm.jpg","training_data\road_scene_classifier\train\meaningful_flood\136_20.3cm.jpg"
"train","meaningful_flood","training_data\images\20cm.jpg","training_data\road_scene_classifier\train\meaningful_flood\137_20cm.jpg"
"train","meaningful_flood","training_data\images\20cm_1.jpg","training_data\road_scene_classifier\train\meaningful_flood\138_20cm_1.jpg"
"train","meaningful_flood","training_data\images\20cm_2.jpg","training_data\road_scene_classifier\train\meaningful_flood\139_20cm_2.jpg"
"train","meaningful_flood","training_data\images\22.50cm.jpg","training_data\road_scene_classifier\train\meaningful_flood\140_22.50cm.jpg"
"validation","meaningful_flood","training_data\images\22.50cm.png","training_data\road_scene_classifier\validation\meaningful_flood\141_22.50cm.png"
"validation","meaningful_flood","training_data\images\22.50cm_1.jpg","training_data\road_scene_classifier\validation\meaningful_flood\142_22.50cm_1.jpg"
"validation","meaningful_flood","training_data\images\22.51cm.jpg","training_data\road_scene_classifier\validation\meaningful_flood\143_22.51cm.jpg"
"validation","meaningful_flood","training_data\images\22.52cm.jpg","training_data\road_scene_classifier\validation\meaningful_flood\144_22.52cm.jpg"
"validation","meaningful_flood","training_data\images\22.53cm.jpg","training_data\road_scene_classifier\validation\meaningful_flood\145_22.53cm.jpg"
"validation","meaningful_flood","training_data\images\22.54cm.jpg","training_data\road_scene_classifier\validation\meaningful_flood\146_22.54cm.jpg"
"validation","meaningful_flood","training_data\images\22.55cm.jpg","training_data\road_scene_classifier\validation\meaningful_flood\147_22.55cm.jpg"
"validation","meaningful_flood","training_data\images\22.56cm.jpg","training_data\road_scene_classifier\validation\meaningful_flood\148_22.56cm.jpg"
"validation","meaningful_flood","training_data\images\22.57cm.jpg","training_data\road_scene_classifier\validation\meaningful_flood\149_22.57cm.jpg"
"validation","meaningful_flood","training_data\images\22.5cm.jpg","training_data\road_scene_classifier\validation\meaningful_flood\150_22.5cm.jpg"
"validation","meaningful_flood","training_data\images\22.5cm.png","training_data\road_scene_classifier\validation\meaningful_flood\151_22.5cm.png"
"validation","meaningful_flood","training_data\images\22.5cm_1.png","training_data\road_scene_classifier\validation\meaningful_flood\152_22.5cm_1.png"
"validation","meaningful_flood","training_data\images\25.00cm.jpg","training_data\road_scene_classifier\validation\meaningful_flood\153_25.00cm.jpg"
"validation","meaningful_flood","training_data\images\25.00cm_1.jpg","training_data\road_scene_classifier\validation\meaningful_flood\154_25.00cm_1.jpg"
"validation","meaningful_flood","training_data\images\25.00cm_2.jpg","training_data\road_scene_classifier\validation\meaningful_flood\155_25.00cm_2.jpg"
"validation","meaningful_flood","training_data\images\25.01cm.jpg","training_data\road_scene_classifier\validation\meaningful_flood\156_25.01cm.jpg"
"validation","meaningful_flood","training_data\images\25.01cm.png","training_data\road_scene_classifier\validation\meaningful_flood\157_25.01cm.png"
"validation","meaningful_flood","training_data\images\25.01cm_1.jpg","training_data\road_scene_classifier\validation\meaningful_flood\158_25.01cm_1.jpg"
"validation","meaningful_flood","training_data\images\25.02cm.jpg","training_data\road_scene_classifier\validation\meaningful_flood\159_25.02cm.jpg"
"validation","meaningful_flood","training_data\images\25.02cm.png","training_data\road_scene_classifier\validation\meaningful_flood\160_25.02cm.png"
"validation","meaningful_flood","training_data\images\25.03cm.jpg","training_data\road_scene_classifier\validation\meaningful_flood\161_25.03cm.jpg"
"validation","meaningful_flood","training_data\images\25.03cm.png","training_data\road_scene_classifier\validation\meaningful_flood\162_25.03cm.png"
"validation","meaningful_flood","training_data\images\25.04cm.png","training_data\road_scene_classifier\validation\meaningful_flood\163_25.04cm.png"
"validation","meaningful_flood","training_data\images\25.05cm.jpg","training_data\road_scene_classifier\validation\meaningful_flood\164_25.05cm.jpg"
"validation","meaningful_flood","training_data\images\25.06cm.jpg","training_data\road_scene_classifier\validation\meaningful_flood\165_25.06cm.jpg"
"validation","meaningful_flood","training_data\images\25.0cm.jpg","training_data\road_scene_classifier\validation\meaningful_flood\166_25.0cm.jpg"
"validation","meaningful_flood","training_data\images\25.0cm.png","training_data\road_scene_classifier\validation\meaningful_flood\167_25.0cm.png"
"validation","meaningful_flood","training_data\images\25.0cm_1.jpg","training_data\road_scene_classifier\validation\meaningful_flood\168_25.0cm_1.jpg"
"validation","meaningful_flood","training_data\images\25.0cm_2.jpg","training_data\road_scene_classifier\validation\meaningful_flood\169_25.0cm_2.jpg"
"validation","meaningful_flood","training_data\images\25.5cm.jpg","training_data\road_scene_classifier\validation\meaningful_flood\170_25.5cm.jpg"
"test","meaningful_flood","training_data\images\25cm.jpg","training_data\road_scene_classifier\test\meaningful_flood\171_25cm.jpg"
"test","meaningful_flood","training_data\images\25cm.png","training_data\road_scene_classifier\test\meaningful_flood\172_25cm.png"
"test","meaningful_flood","training_data\images\25cm_1.png","training_data\road_scene_classifier\test\meaningful_flood\173_25cm_1.png"
"test","meaningful_flood","training_data\images\26cm.jpg","training_data\road_scene_classifier\test\meaningful_flood\174_26cm.jpg"
"test","meaningful_flood","training_data\images\27.50cm.jpg","training_data\road_scene_classifier\test\meaningful_flood\175_27.50cm.jpg"
"test","meaningful_flood","training_data\images\27.50cm.png","training_data\road_scene_classifier\test\meaningful_flood\176_27.50cm.png"
"test","meaningful_flood","training_data\images\27.51cm.jpg","training_data\road_scene_classifier\test\meaningful_flood\177_27.51cm.jpg"
"test","meaningful_flood","training_data\images\27.51cm.png","training_data\road_scene_classifier\test\meaningful_flood\178_27.51cm.png"
"test","meaningful_flood","training_data\images\27.52cm.jpg","training_data\road_scene_classifier\test\meaningful_flood\179_27.52cm.jpg"
"test","meaningful_flood","training_data\images\27.52cm_1.jpg","training_data\road_scene_classifier\test\meaningful_flood\180_27.52cm_1.jpg"
"test","meaningful_flood","training_data\images\27.53cm.jpg","training_data\road_scene_classifier\test\meaningful_flood\181_27.53cm.jpg"
"test","meaningful_flood","training_data\images\27.54cm.jpg","training_data\road_scene_classifier\test\meaningful_flood\182_27.54cm.jpg"
"test","meaningful_flood","training_data\images\27.55cm.jpg","training_data\road_scene_classifier\test\meaningful_flood\183_27.55cm.jpg"
"test","meaningful_flood","training_data\images\27.56cm.jpg","training_data\road_scene_classifier\test\meaningful_flood\184_27.56cm.jpg"
"test","meaningful_flood","training_data\images\27.57cm.png","training_data\road_scene_classifier\test\meaningful_flood\185_27.57cm.png"
"test","meaningful_flood","training_data\images\27.58cm.png","training_data\road_scene_classifier\test\meaningful_flood\186_27.58cm.png"
"test","meaningful_flood","training_data\images\27.59cm.png","training_data\road_scene_classifier\test\meaningful_flood\187_27.59cm.png"
"test","meaningful_flood","training_data\images\27.5cm.jpg","training_data\road_scene_classifier\test\meaningful_flood\188_27.5cm.jpg"
"test","meaningful_flood","training_data\images\27.5cm.png","training_data\road_scene_classifier\test\meaningful_flood\189_27.5cm.png"
"test","meaningful_flood","training_data\images\27.60cm.jpg","training_data\road_scene_classifier\test\meaningful_flood\190_27.60cm.jpg"
"test","meaningful_flood","training_data\images\27.61cm.jpg","training_data\road_scene_classifier\test\meaningful_flood\191_27.61cm.jpg"
"test","meaningful_flood","training_data\images\27.62cm.jpg","training_data\road_scene_classifier\test\meaningful_flood\192_27.62cm.jpg"
"test","meaningful_flood","training_data\images\27.63cm.jpg","training_data\road_scene_classifier\test\meaningful_flood\193_27.63cm.jpg"
"test","meaningful_flood","training_data\images\27.64cm.jpg","training_data\road_scene_classifier\test\meaningful_flood\194_27.64cm.jpg"
"test","meaningful_flood","training_data\images\27.65cm.jpg","training_data\road_scene_classifier\test\meaningful_flood\195_27.65cm.jpg"
"test","meaningful_flood","training_data\images\27.66cm.jpg","training_data\road_scene_classifier\test\meaningful_flood\196_27.66cm.jpg"
"test","meaningful_flood","training_data\images\27.6cm.jpg","training_data\road_scene_classifier\test\meaningful_flood\197_27.6cm.jpg"
"test","meaningful_flood","training_data\images\30.00.jpg","training_data\road_scene_classifier\test\meaningful_flood\198_30.00.jpg"
"test","meaningful_flood","training_data\images\30.01cm.jpg","training_data\road_scene_classifier\test\meaningful_flood\199_30.01cm.jpg"
"test","meaningful_flood","training_data\images\30.02cm.jpg","training_data\road_scene_classifier\test\meaningful_flood\200_30.02cm.jpg"
"train","dry_road","C:\Users\abhij\OneDrive\Desktop\WellLabs\flood_project_cleaned\evaluation_data\atharva_manual_tests\images\dry road _1.jpg","C:\Users\abhij\OneDrive\Desktop\WellLabs\flood_project_cleaned\training_data\road_scene_classifier\train\dry_road\010_atharva_dry road _1.jpg"
"train","dry_road","C:\Users\abhij\Downloads\dry_road\dry_raod_33.jpg","C:\Users\abhij\OneDrive\Desktop\WellLabs\flood_project_cleaned\training_data\road_scene_classifier\train\dry_road\001_downloads_dry_dry_raod_33.jpg"
"train","dry_road","C:\Users\abhij\Downloads\dry_road\dry_raod_09.jpg","C:\Users\abhij\OneDrive\Desktop\WellLabs\flood_project_cleaned\training_data\road_scene_classifier\train\dry_road\002_downloads_dry_dry_raod_09.jpg"
"train","dry_road","C:\Users\abhij\Downloads\dry_road\dry_raod_32.jpg","C:\Users\abhij\OneDrive\Desktop\WellLabs\flood_project_cleaned\training_data\road_scene_classifier\train\dry_road\003_downloads_dry_dry_raod_32.jpg"
"train","dry_road","C:\Users\abhij\Downloads\dry_road\dry_raod_01.jpg","C:\Users\abhij\OneDrive\Desktop\WellLabs\flood_project_cleaned\training_data\road_scene_classifier\train\dry_road\004_downloads_dry_dry_raod_01.jpg"
"train","dry_road","C:\Users\abhij\Downloads\dry_road\dry_raod_11.jpg","C:\Users\abhij\OneDrive\Desktop\WellLabs\flood_project_cleaned\training_data\road_scene_classifier\train\dry_road\005_downloads_dry_dry_raod_11.jpg"
"train","dry_road","C:\Users\abhij\Downloads\dry_road\dry_raod_08.jpg","C:\Users\abhij\OneDrive\Desktop\WellLabs\flood_project_cleaned\training_data\road_scene_classifier\train\dry_road\006_downloads_dry_dry_raod_08.jpg"
"train","dry_road","C:\Users\abhij\Downloads\dry_road\dry_raod_24.jpg","C:\Users\abhij\OneDrive\Desktop\WellLabs\flood_project_cleaned\training_data\road_scene_classifier\train\dry_road\007_downloads_dry_dry_raod_24.jpg"
"train","dry_road","C:\Users\abhij\Downloads\dry_road\dry_raod_23.jpg","C:\Users\abhij\OneDrive\Desktop\WellLabs\flood_project_cleaned\training_data\road_scene_classifier\train\dry_road\008_downloads_dry_dry_raod_23.jpg"
"train","dry_road","C:\Users\abhij\Downloads\dry_road\dry_raod_19.jpg","C:\Users\abhij\OneDrive\Desktop\WellLabs\flood_project_cleaned\training_data\road_scene_classifier\train\dry_road\009_downloads_dry_dry_raod_19.jpg"
"train","dry_road","C:\Users\abhij\Downloads\dry_road\dry_raod_45.jpg","C:\Users\abhij\OneDrive\Desktop\WellLabs\flood_project_cleaned\training_data\road_scene_classifier\train\dry_road\010_downloads_dry_dry_raod_45.jpg"
"train","dry_road","C:\Users\abhij\Downloads\dry_road\dry_raod_04.jpg","C:\Users\abhij\OneDrive\Desktop\WellLabs\flood_project_cleaned\training_data\road_scene_classifier\train\dry_road\011_downloads_dry_dry_raod_04.jpg"
"train","dry_road","C:\Users\abhij\Downloads\dry_road\dry_raod_22.jpg","C:\Users\abhij\OneDrive\Desktop\WellLabs\flood_project_cleaned\training_data\road_scene_classifier\train\dry_road\012_downloads_dry_dry_raod_22.jpg"
"train","dry_road","C:\Users\abhij\Downloads\dry_road\dry_raod_41.jpg","C:\Users\abhij\OneDrive\Desktop\WellLabs\flood_project_cleaned\training_data\road_scene_classifier\train\dry_road\013_downloads_dry_dry_raod_41.jpg"
"train","dry_road","C:\Users\abhij\Downloads\dry_road\dry_raod_37.jpg","C:\Users\abhij\OneDrive\Desktop\WellLabs\flood_project_cleaned\training_data\road_scene_classifier\train\dry_road\014_downloads_dry_dry_raod_37.jpg"
"train","dry_road","C:\Users\abhij\Downloads\dry_road\dry_raod_15.jpg","C:\Users\abhij\OneDrive\Desktop\WellLabs\flood_project_cleaned\training_data\road_scene_classifier\train\dry_road\015_downloads_dry_dry_raod_15.jpg"
"train","dry_road","C:\Users\abhij\Downloads\dry_road\dry_raod_21.jpg","C:\Users\abhij\OneDrive\Desktop\WellLabs\flood_project_cleaned\training_data\road_scene_classifier\train\dry_road\016_downloads_dry_dry_raod_21.jpg"
"train","dry_road","C:\Users\abhij\Downloads\dry_road\dry_raod_26.jpg","C:\Users\abhij\OneDrive\Desktop\WellLabs\flood_project_cleaned\training_data\road_scene_classifier\train\dry_road\017_downloads_dry_dry_raod_26.jpg"
"train","dry_road","C:\Users\abhij\Downloads\dry_road\dry_raod_13.jpg","C:\Users\abhij\OneDrive\Desktop\WellLabs\flood_project_cleaned\training_data\road_scene_classifier\train\dry_road\018_downloads_dry_dry_raod_13.jpg"
"train","dry_road","C:\Users\abhij\Downloads\dry_road\dry_raod_38.jpg","C:\Users\abhij\OneDrive\Desktop\WellLabs\flood_project_cleaned\training_data\road_scene_classifier\train\dry_road\019_downloads_dry_dry_raod_38.jpg"
"train","dry_road","C:\Users\abhij\Downloads\dry_road\dry_raod_17.jpg","C:\Users\abhij\OneDrive\Desktop\WellLabs\flood_project_cleaned\training_data\road_scene_classifier\train\dry_road\020_downloads_dry_dry_raod_17.jpg"
"train","dry_road","C:\Users\abhij\Downloads\dry_road\dry_raod_31.jpg","C:\Users\abhij\OneDrive\Desktop\WellLabs\flood_project_cleaned\training_data\road_scene_classifier\train\dry_road\021_downloads_dry_dry_raod_31.jpg"
"train","dry_road","C:\Users\abhij\Downloads\dry_road\dry_raod_03.jpg","C:\Users\abhij\OneDrive\Desktop\WellLabs\flood_project_cleaned\training_data\road_scene_classifier\train\dry_road\022_downloads_dry_dry_raod_03.jpg"
"train","dry_road","C:\Users\abhij\Downloads\dry_road\dry_raod_35.jpg","C:\Users\abhij\OneDrive\Desktop\WellLabs\flood_project_cleaned\training_data\road_scene_classifier\train\dry_road\023_downloads_dry_dry_raod_35.jpg"
"train","dry_road","C:\Users\abhij\Downloads\dry_road\dry_raod_12.jpg","C:\Users\abhij\OneDrive\Desktop\WellLabs\flood_project_cleaned\training_data\road_scene_classifier\train\dry_road\024_downloads_dry_dry_raod_12.jpg"
"train","dry_road","C:\Users\abhij\Downloads\dry_road\dry_raod_14.jpg","C:\Users\abhij\OneDrive\Desktop\WellLabs\flood_project_cleaned\training_data\road_scene_classifier\train\dry_road\025_downloads_dry_dry_raod_14.jpg"
"train","dry_road","C:\Users\abhij\Downloads\dry_road\dry_raod_39.jpg","C:\Users\abhij\OneDrive\Desktop\WellLabs\flood_project_cleaned\training_data\road_scene_classifier\train\dry_road\026_downloads_dry_dry_raod_39.jpg"
"train","dry_road","C:\Users\abhij\Downloads\dry_road\dry_raod_18.jpg","C:\Users\abhij\OneDrive\Desktop\WellLabs\flood_project_cleaned\training_data\road_scene_classifier\train\dry_road\027_downloads_dry_dry_raod_18.jpg"
"train","dry_road","C:\Users\abhij\Downloads\dry_road\dry_raod_28.jpg","C:\Users\abhij\OneDrive\Desktop\WellLabs\flood_project_cleaned\training_data\road_scene_classifier\train\dry_road\028_downloads_dry_dry_raod_28.jpg"
"train","dry_road","C:\Users\abhij\Downloads\dry_road\dry_raod_20.jpg","C:\Users\abhij\OneDrive\Desktop\WellLabs\flood_project_cleaned\training_data\road_scene_classifier\train\dry_road\029_downloads_dry_dry_raod_20.jpg"
"train","dry_road","C:\Users\abhij\Downloads\dry_road\dry_raod_06.jpg","C:\Users\abhij\OneDrive\Desktop\WellLabs\flood_project_cleaned\training_data\road_scene_classifier\train\dry_road\030_downloads_dry_dry_raod_06.jpg"
"train","dry_road","C:\Users\abhij\Downloads\dry_road\dry_raod_29.jpg","C:\Users\abhij\OneDrive\Desktop\WellLabs\flood_project_cleaned\training_data\road_scene_classifier\train\dry_road\031_downloads_dry_dry_raod_29.jpg"
"validation","dry_road","C:\Users\abhij\Downloads\dry_road\dry_raod_34.jpg","C:\Users\abhij\OneDrive\Desktop\WellLabs\flood_project_cleaned\training_data\road_scene_classifier\validation\dry_road\032_downloads_dry_dry_raod_34.jpg"
"validation","dry_road","C:\Users\abhij\Downloads\dry_road\dry_raod_36.jpg","C:\Users\abhij\OneDrive\Desktop\WellLabs\flood_project_cleaned\training_data\road_scene_classifier\validation\dry_road\033_downloads_dry_dry_raod_36.jpg"
"validation","dry_road","C:\Users\abhij\Downloads\dry_road\dry_raod_10.jpg","C:\Users\abhij\OneDrive\Desktop\WellLabs\flood_project_cleaned\training_data\road_scene_classifier\validation\dry_road\034_downloads_dry_dry_raod_10.jpg"
"validation","dry_road","C:\Users\abhij\Downloads\dry_road\dry_raod_30.jpg","C:\Users\abhij\OneDrive\Desktop\WellLabs\flood_project_cleaned\training_data\road_scene_classifier\validation\dry_road\035_downloads_dry_dry_raod_30.jpg"
"validation","dry_road","C:\Users\abhij\Downloads\dry_road\dry_raod_25.jpg","C:\Users\abhij\OneDrive\Desktop\WellLabs\flood_project_cleaned\training_data\road_scene_classifier\validation\dry_road\036_downloads_dry_dry_raod_25.jpg"
"validation","dry_road","C:\Users\abhij\Downloads\dry_road\dry_raod_43.jpg","C:\Users\abhij\OneDrive\Desktop\WellLabs\flood_project_cleaned\training_data\road_scene_classifier\validation\dry_road\037_downloads_dry_dry_raod_43.jpg"
"test","dry_road","C:\Users\abhij\Downloads\dry_road\dry_raod_07.jpg","C:\Users\abhij\OneDrive\Desktop\WellLabs\flood_project_cleaned\training_data\road_scene_classifier\test\dry_road\038_downloads_dry_dry_raod_07.jpg"
"test","dry_road","C:\Users\abhij\Downloads\dry_road\dry_raod_05.jpg","C:\Users\abhij\OneDrive\Desktop\WellLabs\flood_project_cleaned\training_data\road_scene_classifier\test\dry_road\039_downloads_dry_dry_raod_05.jpg"
"test","dry_road","C:\Users\abhij\Downloads\dry_road\dry_raod_40.jpg","C:\Users\abhij\OneDrive\Desktop\WellLabs\flood_project_cleaned\training_data\road_scene_classifier\test\dry_road\040_downloads_dry_dry_raod_40.jpg"
"test","dry_road","C:\Users\abhij\Downloads\dry_road\dry_raod_44.jpg","C:\Users\abhij\OneDrive\Desktop\WellLabs\flood_project_cleaned\training_data\road_scene_classifier\test\dry_road\041_downloads_dry_dry_raod_44.jpg"
"test","dry_road","C:\Users\abhij\Downloads\dry_road\dry_raod_02.jpg","C:\Users\abhij\OneDrive\Desktop\WellLabs\flood_project_cleaned\training_data\road_scene_classifier\test\dry_road\042_downloads_dry_dry_raod_02.jpg"
"test","dry_road","C:\Users\abhij\Downloads\dry_road\dry_raod_42.jpg","C:\Users\abhij\OneDrive\Desktop\WellLabs\flood_project_cleaned\training_data\road_scene_classifier\test\dry_road\043_downloads_dry_dry_raod_42.jpg"
"test","dry_road","C:\Users\abhij\Downloads\dry_road\dry_raod_16.jpg","C:\Users\abhij\OneDrive\Desktop\WellLabs\flood_project_cleaned\training_data\road_scene_classifier\test\dry_road\044_downloads_dry_dry_raod_16.jpg"
"test","dry_road","C:\Users\abhij\Downloads\dry_road\dry_raod_27.jpg","C:\Users\abhij\OneDrive\Desktop\WellLabs\flood_project_cleaned\training_data\road_scene_classifier\test\dry_road\045_downloads_dry_dry_raod_27.jpg"
"train","wet_road","C:\Users\abhij\Downloads\wetRoad\wet_raod_01.jpg","C:\Users\abhij\OneDrive\Desktop\WellLabs\flood_project_cleaned\training_data\road_scene_classifier\train\wet_road\001_downloads_wet_wet_raod_01.jpg"
"train","wet_road","C:\Users\abhij\Downloads\wetRoad\wet_raod_05.jpg","C:\Users\abhij\OneDrive\Desktop\WellLabs\flood_project_cleaned\training_data\road_scene_classifier\train\wet_road\002_downloads_wet_wet_raod_05.jpg"
"train","wet_road","C:\Users\abhij\Downloads\wetRoad\wet_raod_47.jpg","C:\Users\abhij\OneDrive\Desktop\WellLabs\flood_project_cleaned\training_data\road_scene_classifier\train\wet_road\003_downloads_wet_wet_raod_47.jpg"
"train","wet_road","C:\Users\abhij\Downloads\wetRoad\wet_raod_36.jpg","C:\Users\abhij\OneDrive\Desktop\WellLabs\flood_project_cleaned\training_data\road_scene_classifier\train\wet_road\004_downloads_wet_wet_raod_36.jpg"
"train","wet_road","C:\Users\abhij\Downloads\wetRoad\wet_raod_49.jpg","C:\Users\abhij\OneDrive\Desktop\WellLabs\flood_project_cleaned\training_data\road_scene_classifier\train\wet_road\005_downloads_wet_wet_raod_49.jpg"
"train","wet_road","C:\Users\abhij\Downloads\wetRoad\wet_raod_25.jpg","C:\Users\abhij\OneDrive\Desktop\WellLabs\flood_project_cleaned\training_data\road_scene_classifier\train\wet_road\006_downloads_wet_wet_raod_25.jpg"
"train","wet_road","C:\Users\abhij\Downloads\wetRoad\wet_raod_03.jpg","C:\Users\abhij\OneDrive\Desktop\WellLabs\flood_project_cleaned\training_data\road_scene_classifier\train\wet_road\007_downloads_wet_wet_raod_03.jpg"
"train","wet_road","C:\Users\abhij\Downloads\wetRoad\wet_raod_43.jpg","C:\Users\abhij\OneDrive\Desktop\WellLabs\flood_project_cleaned\training_data\road_scene_classifier\train\wet_road\008_downloads_wet_wet_raod_43.jpg"
"train","wet_road","C:\Users\abhij\Downloads\wetRoad\wet_raod_45.jpg","C:\Users\abhij\OneDrive\Desktop\WellLabs\flood_project_cleaned\training_data\road_scene_classifier\train\wet_road\009_downloads_wet_wet_raod_45.jpg"
"train","wet_road","C:\Users\abhij\Downloads\wetRoad\wet_raod_34","C:\Users\abhij\OneDrive\Desktop\WellLabs\flood_project_cleaned\training_data\road_scene_classifier\train\wet_road\010_downloads_wet_wet_raod_34.webp"
"train","wet_road","C:\Users\abhij\Downloads\wetRoad\wet_raod_09.jpg","C:\Users\abhij\OneDrive\Desktop\WellLabs\flood_project_cleaned\training_data\road_scene_classifier\train\wet_road\011_downloads_wet_wet_raod_09.jpg"
"train","wet_road","C:\Users\abhij\Downloads\wetRoad\wet_raod_07.jpg","C:\Users\abhij\OneDrive\Desktop\WellLabs\flood_project_cleaned\training_data\road_scene_classifier\train\wet_road\012_downloads_wet_wet_raod_07.jpg"
"train","wet_road","C:\Users\abhij\Downloads\wetRoad\wet_raod_16.jpg","C:\Users\abhij\OneDrive\Desktop\WellLabs\flood_project_cleaned\training_data\road_scene_classifier\train\wet_road\013_downloads_wet_wet_raod_16.jpg"
"train","wet_road","C:\Users\abhij\Downloads\wetRoad\wet_raod_19.jpg","C:\Users\abhij\OneDrive\Desktop\WellLabs\flood_project_cleaned\training_data\road_scene_classifier\train\wet_road\014_downloads_wet_wet_raod_19.jpg"
"train","wet_road","C:\Users\abhij\Downloads\wetRoad\wet_raod_26.jpg","C:\Users\abhij\OneDrive\Desktop\WellLabs\flood_project_cleaned\training_data\road_scene_classifier\train\wet_road\015_downloads_wet_wet_raod_26.jpg"
"train","wet_road","C:\Users\abhij\Downloads\wetRoad\wet_raod_44.jpg","C:\Users\abhij\OneDrive\Desktop\WellLabs\flood_project_cleaned\training_data\road_scene_classifier\train\wet_road\016_downloads_wet_wet_raod_44.jpg"
"train","wet_road","C:\Users\abhij\Downloads\wetRoad\wet_raod_14.jpg","C:\Users\abhij\OneDrive\Desktop\WellLabs\flood_project_cleaned\training_data\road_scene_classifier\train\wet_road\017_downloads_wet_wet_raod_14.jpg"
"train","wet_road","C:\Users\abhij\Downloads\wetRoad\wet_raod_06.jpg","C:\Users\abhij\OneDrive\Desktop\WellLabs\flood_project_cleaned\training_data\road_scene_classifier\train\wet_road\018_downloads_wet_wet_raod_06.jpg"
"train","wet_road","C:\Users\abhij\Downloads\wetRoad\wet_raod_41.jpg","C:\Users\abhij\OneDrive\Desktop\WellLabs\flood_project_cleaned\training_data\road_scene_classifier\train\wet_road\019_downloads_wet_wet_raod_41.jpg"
"train","wet_road","C:\Users\abhij\Downloads\wetRoad\wet_raod_21.jpg","C:\Users\abhij\OneDrive\Desktop\WellLabs\flood_project_cleaned\training_data\road_scene_classifier\train\wet_road\020_downloads_wet_wet_raod_21.jpg"
"train","wet_road","C:\Users\abhij\Downloads\wetRoad\wet_raod_22.jpg","C:\Users\abhij\OneDrive\Desktop\WellLabs\flood_project_cleaned\training_data\road_scene_classifier\train\wet_road\021_downloads_wet_wet_raod_22.jpg"
"train","wet_road","C:\Users\abhij\Downloads\wetRoad\wet_raod_08.jpg","C:\Users\abhij\OneDrive\Desktop\WellLabs\flood_project_cleaned\training_data\road_scene_classifier\train\wet_road\022_downloads_wet_wet_raod_08.jpg"
"train","wet_road","C:\Users\abhij\Downloads\wetRoad\wet_raod_38.jpg","C:\Users\abhij\OneDrive\Desktop\WellLabs\flood_project_cleaned\training_data\road_scene_classifier\train\wet_road\023_downloads_wet_wet_raod_38.jpg"
"train","wet_road","C:\Users\abhij\Downloads\wetRoad\wet_raod_42.jpg","C:\Users\abhij\OneDrive\Desktop\WellLabs\flood_project_cleaned\training_data\road_scene_classifier\train\wet_road\024_downloads_wet_wet_raod_42.jpg"
"train","wet_road","C:\Users\abhij\Downloads\wetRoad\wet_raod_50.jpg","C:\Users\abhij\OneDrive\Desktop\WellLabs\flood_project_cleaned\training_data\road_scene_classifier\train\wet_road\025_downloads_wet_wet_raod_50.jpg"
"train","wet_road","C:\Users\abhij\Downloads\wetRoad\wet_raod_10.jpg","C:\Users\abhij\OneDrive\Desktop\WellLabs\flood_project_cleaned\training_data\road_scene_classifier\train\wet_road\026_downloads_wet_wet_raod_10.jpg"
"train","wet_road","C:\Users\abhij\Downloads\wetRoad\wet_raod_46.jpg","C:\Users\abhij\OneDrive\Desktop\WellLabs\flood_project_cleaned\training_data\road_scene_classifier\train\wet_road\027_downloads_wet_wet_raod_46.jpg"
"train","wet_road","C:\Users\abhij\Downloads\wetRoad\-rain-soaked-street-nighttime-vehicles-driving-puddles.jpg","C:\Users\abhij\OneDrive\Desktop\WellLabs\flood_project_cleaned\training_data\road_scene_classifier\train\wet_road\028_downloads_wet_-rain-soaked-street-nighttime-vehicles-driving-puddles.jpg"
"train","wet_road","C:\Users\abhij\Downloads\wetRoad\wet_raod_13.jpg","C:\Users\abhij\OneDrive\Desktop\WellLabs\flood_project_cleaned\training_data\road_scene_classifier\train\wet_road\029_downloads_wet_wet_raod_13.jpg"
"train","wet_road","C:\Users\abhij\Downloads\wetRoad\wet_raod_23.jpg","C:\Users\abhij\OneDrive\Desktop\WellLabs\flood_project_cleaned\training_data\road_scene_classifier\train\wet_road\030_downloads_wet_wet_raod_23.jpg"
"train","wet_road","C:\Users\abhij\Downloads\wetRoad\wet_raod_18.jpg","C:\Users\abhij\OneDrive\Desktop\WellLabs\flood_project_cleaned\training_data\road_scene_classifier\train\wet_road\031_downloads_wet_wet_raod_18.jpg"
"train","wet_road","C:\Users\abhij\Downloads\wetRoad\wet_raod_48.jpg","C:\Users\abhij\OneDrive\Desktop\WellLabs\flood_project_cleaned\training_data\road_scene_classifier\train\wet_road\032_downloads_wet_wet_raod_48.jpg"
"train","wet_road","C:\Users\abhij\Downloads\wetRoad\wet_raod_04.jpg","C:\Users\abhij\OneDrive\Desktop\WellLabs\flood_project_cleaned\training_data\road_scene_classifier\train\wet_road\033_downloads_wet_wet_raod_04.jpg"
"train","wet_road","C:\Users\abhij\Downloads\wetRoad\wet_raod_29.jpg","C:\Users\abhij\OneDrive\Desktop\WellLabs\flood_project_cleaned\training_data\road_scene_classifier\train\wet_road\034_downloads_wet_wet_raod_29.jpg"
"validation","wet_road","C:\Users\abhij\Downloads\wetRoad\wet_raod_20.jpg","C:\Users\abhij\OneDrive\Desktop\WellLabs\flood_project_cleaned\training_data\road_scene_classifier\validation\wet_road\035_downloads_wet_wet_raod_20.jpg"
"validation","wet_road","C:\Users\abhij\Downloads\wetRoad\wet_raod_39.jpg","C:\Users\abhij\OneDrive\Desktop\WellLabs\flood_project_cleaned\training_data\road_scene_classifier\validation\wet_road\036_downloads_wet_wet_raod_39.jpg"
"validation","wet_road","C:\Users\abhij\Downloads\wetRoad\wet_raod_27.jpg","C:\Users\abhij\OneDrive\Desktop\WellLabs\flood_project_cleaned\training_data\road_scene_classifier\validation\wet_road\037_downloads_wet_wet_raod_27.jpg"
"validation","wet_road","C:\Users\abhij\Downloads\wetRoad\wet_raod_28.jpg","C:\Users\abhij\OneDrive\Desktop\WellLabs\flood_project_cleaned\training_data\road_scene_classifier\validation\wet_road\038_downloads_wet_wet_raod_28.jpg"
"validation","wet_road","C:\Users\abhij\Downloads\wetRoad\wet_raod_15.jpg","C:\Users\abhij\OneDrive\Desktop\WellLabs\flood_project_cleaned\training_data\road_scene_classifier\validation\wet_road\039_downloads_wet_wet_raod_15.jpg"
"validation","wet_road","C:\Users\abhij\Downloads\wetRoad\wet_raod_40.jpg","C:\Users\abhij\OneDrive\Desktop\WellLabs\flood_project_cleaned\training_data\road_scene_classifier\validation\wet_road\040_downloads_wet_wet_raod_40.jpg"
"validation","wet_road","C:\Users\abhij\Downloads\wetRoad\wet_raod_12.jpg","C:\Users\abhij\OneDrive\Desktop\WellLabs\flood_project_cleaned\training_data\road_scene_classifier\validation\wet_road\041_downloads_wet_wet_raod_12.jpg"
"test","wet_road","C:\Users\abhij\Downloads\wetRoad\wet_raod_17.jpg","C:\Users\abhij\OneDrive\Desktop\WellLabs\flood_project_cleaned\training_data\road_scene_classifier\test\wet_road\042_downloads_wet_wet_raod_17.jpg"
"test","wet_road","C:\Users\abhij\Downloads\wetRoad\wet_raod_11.jpg","C:\Users\abhij\OneDrive\Desktop\WellLabs\flood_project_cleaned\training_data\road_scene_classifier\test\wet_road\043_downloads_wet_wet_raod_11.jpg"
"test","wet_road","C:\Users\abhij\Downloads\wetRoad\wet_raod_37.jpg","C:\Users\abhij\OneDrive\Desktop\WellLabs\flood_project_cleaned\training_data\road_scene_classifier\test\wet_road\044_downloads_wet_wet_raod_37.jpg"
"test","wet_road","C:\Users\abhij\Downloads\wetRoad\wet_raod_31.jpg","C:\Users\abhij\OneDrive\Desktop\WellLabs\flood_project_cleaned\training_data\road_scene_classifier\test\wet_road\045_downloads_wet_wet_raod_31.jpg"
"test","wet_road","C:\Users\abhij\Downloads\wetRoad\wet_raod_33.jpg","C:\Users\abhij\OneDrive\Desktop\WellLabs\flood_project_cleaned\training_data\road_scene_classifier\test\wet_road\046_downloads_wet_wet_raod_33.jpg"
"test","wet_road","C:\Users\abhij\Downloads\wetRoad\wet_raod_32.jpg","C:\Users\abhij\OneDrive\Desktop\WellLabs\flood_project_cleaned\training_data\road_scene_classifier\test\wet_road\047_downloads_wet_wet_raod_32.jpg"
"test","wet_road","C:\Users\abhij\Downloads\wetRoad\wet_raod_30.jpg","C:\Users\abhij\OneDrive\Desktop\WellLabs\flood_project_cleaned\training_data\road_scene_classifier\test\wet_road\048_downloads_wet_wet_raod_30.jpg"
"test","wet_road","C:\Users\abhij\Downloads\wetRoad\wet_raod_24.jpg","C:\Users\abhij\OneDrive\Desktop\WellLabs\flood_project_cleaned\training_data\road_scene_classifier\test\wet_road\049_downloads_wet_wet_raod_24.jpg"
"train","shallow_flood","C:\Users\abhij\Downloads\shallow\shallow_07.jpg","C:\Users\abhij\OneDrive\Desktop\WellLabs\flood_project_cleaned\training_data\road_scene_classifier\train\shallow_flood\101_downloads_shallow_shallow_07.jpg"
"train","shallow_flood","C:\Users\abhij\Downloads\shallow\shallow_11.jpg","C:\Users\abhij\OneDrive\Desktop\WellLabs\flood_project_cleaned\training_data\road_scene_classifier\train\shallow_flood\102_downloads_shallow_shallow_11.jpg"
"train","shallow_flood","C:\Users\abhij\Downloads\shallow\shallow_26.jpg","C:\Users\abhij\OneDrive\Desktop\WellLabs\flood_project_cleaned\training_data\road_scene_classifier\train\shallow_flood\103_downloads_shallow_shallow_26.jpg"
"train","shallow_flood","C:\Users\abhij\Downloads\shallow\shallow_04.jpg","C:\Users\abhij\OneDrive\Desktop\WellLabs\flood_project_cleaned\training_data\road_scene_classifier\train\shallow_flood\104_downloads_shallow_shallow_04.jpg"
"train","shallow_flood","C:\Users\abhij\Downloads\shallow\shallow_10.jpg","C:\Users\abhij\OneDrive\Desktop\WellLabs\flood_project_cleaned\training_data\road_scene_classifier\train\shallow_flood\105_downloads_shallow_shallow_10.jpg"
"train","shallow_flood","C:\Users\abhij\Downloads\shallow\shallow_09.jpg","C:\Users\abhij\OneDrive\Desktop\WellLabs\flood_project_cleaned\training_data\road_scene_classifier\train\shallow_flood\106_downloads_shallow_shallow_09.jpg"
"train","shallow_flood","C:\Users\abhij\Downloads\shallow\shallow_30.jpg","C:\Users\abhij\OneDrive\Desktop\WellLabs\flood_project_cleaned\training_data\road_scene_classifier\train\shallow_flood\107_downloads_shallow_shallow_30.jpg"
"train","shallow_flood","C:\Users\abhij\Downloads\shallow\shallow_06.jpg","C:\Users\abhij\OneDrive\Desktop\WellLabs\flood_project_cleaned\training_data\road_scene_classifier\train\shallow_flood\108_downloads_shallow_shallow_06.jpg"
"train","shallow_flood","C:\Users\abhij\Downloads\shallow\shallow_13.jpg","C:\Users\abhij\OneDrive\Desktop\WellLabs\flood_project_cleaned\training_data\road_scene_classifier\train\shallow_flood\109_downloads_shallow_shallow_13.jpg"
"train","shallow_flood","C:\Users\abhij\Downloads\shallow\shallow_32.jpg","C:\Users\abhij\OneDrive\Desktop\WellLabs\flood_project_cleaned\training_data\road_scene_classifier\train\shallow_flood\110_downloads_shallow_shallow_32.jpg"
"train","shallow_flood","C:\Users\abhij\Downloads\shallow\shallow_40.jpg","C:\Users\abhij\OneDrive\Desktop\WellLabs\flood_project_cleaned\training_data\road_scene_classifier\train\shallow_flood\111_downloads_shallow_shallow_40.jpg"
"train","shallow_flood","C:\Users\abhij\Downloads\shallow\shallow_16.jpg","C:\Users\abhij\OneDrive\Desktop\WellLabs\flood_project_cleaned\training_data\road_scene_classifier\train\shallow_flood\112_downloads_shallow_shallow_16.jpg"
"train","shallow_flood","C:\Users\abhij\Downloads\shallow\shallow_36.jpg","C:\Users\abhij\OneDrive\Desktop\WellLabs\flood_project_cleaned\training_data\road_scene_classifier\train\shallow_flood\113_downloads_shallow_shallow_36.jpg"
"train","shallow_flood","C:\Users\abhij\Downloads\shallow\shallow_28.jpg","C:\Users\abhij\OneDrive\Desktop\WellLabs\flood_project_cleaned\training_data\road_scene_classifier\train\shallow_flood\114_downloads_shallow_shallow_28.jpg"
"train","shallow_flood","C:\Users\abhij\Downloads\shallow\shallow_17.jpg","C:\Users\abhij\OneDrive\Desktop\WellLabs\flood_project_cleaned\training_data\road_scene_classifier\train\shallow_flood\115_downloads_shallow_shallow_17.jpg"
"train","shallow_flood","C:\Users\abhij\Downloads\shallow\shallow_33.jpg","C:\Users\abhij\OneDrive\Desktop\WellLabs\flood_project_cleaned\training_data\road_scene_classifier\train\shallow_flood\116_downloads_shallow_shallow_33.jpg"
"train","shallow_flood","C:\Users\abhij\Downloads\shallow\shallow_25.jpg","C:\Users\abhij\OneDrive\Desktop\WellLabs\flood_project_cleaned\training_data\road_scene_classifier\train\shallow_flood\117_downloads_shallow_shallow_25.jpg"
"train","shallow_flood","C:\Users\abhij\Downloads\shallow\shallow_24.jpg","C:\Users\abhij\OneDrive\Desktop\WellLabs\flood_project_cleaned\training_data\road_scene_classifier\train\shallow_flood\118_downloads_shallow_shallow_24.jpg"
"train","shallow_flood","C:\Users\abhij\Downloads\shallow\shallow_05.jpg","C:\Users\abhij\OneDrive\Desktop\WellLabs\flood_project_cleaned\training_data\road_scene_classifier\train\shallow_flood\119_downloads_shallow_shallow_05.jpg"
"train","shallow_flood","C:\Users\abhij\Downloads\shallow\shallow_15.jpg","C:\Users\abhij\OneDrive\Desktop\WellLabs\flood_project_cleaned\training_data\road_scene_classifier\train\shallow_flood\120_downloads_shallow_shallow_15.jpg"
"train","shallow_flood","C:\Users\abhij\Downloads\shallow\shallow_01.jpg","C:\Users\abhij\OneDrive\Desktop\WellLabs\flood_project_cleaned\training_data\road_scene_classifier\train\shallow_flood\121_downloads_shallow_shallow_01.jpg"
"train","shallow_flood","C:\Users\abhij\Downloads\shallow\shallow_38.jpg","C:\Users\abhij\OneDrive\Desktop\WellLabs\flood_project_cleaned\training_data\road_scene_classifier\train\shallow_flood\122_downloads_shallow_shallow_38.jpg"
"train","shallow_flood","C:\Users\abhij\Downloads\shallow\shallow_35.jpg","C:\Users\abhij\OneDrive\Desktop\WellLabs\flood_project_cleaned\training_data\road_scene_classifier\train\shallow_flood\123_downloads_shallow_shallow_35.jpg"
"train","shallow_flood","C:\Users\abhij\Downloads\shallow\shallow_39.jpg","C:\Users\abhij\OneDrive\Desktop\WellLabs\flood_project_cleaned\training_data\road_scene_classifier\train\shallow_flood\124_downloads_shallow_shallow_39.jpg"
"train","shallow_flood","C:\Users\abhij\Downloads\shallow\shallow_18.jpg","C:\Users\abhij\OneDrive\Desktop\WellLabs\flood_project_cleaned\training_data\road_scene_classifier\train\shallow_flood\125_downloads_shallow_shallow_18.jpg"
"train","shallow_flood","C:\Users\abhij\Downloads\shallow\shallow_12.jpg","C:\Users\abhij\OneDrive\Desktop\WellLabs\flood_project_cleaned\training_data\road_scene_classifier\train\shallow_flood\126_downloads_shallow_shallow_12.jpg"
"train","shallow_flood","C:\Users\abhij\Downloads\shallow\shallow_23.jpg","C:\Users\abhij\OneDrive\Desktop\WellLabs\flood_project_cleaned\training_data\road_scene_classifier\train\shallow_flood\127_downloads_shallow_shallow_23.jpg"
"train","shallow_flood","C:\Users\abhij\Downloads\shallow\shallow_27.jpg","C:\Users\abhij\OneDrive\Desktop\WellLabs\flood_project_cleaned\training_data\road_scene_classifier\train\shallow_flood\128_downloads_shallow_shallow_27.jpg"
"validation","shallow_flood","C:\Users\abhij\Downloads\shallow\shallow_02.jpg","C:\Users\abhij\OneDrive\Desktop\WellLabs\flood_project_cleaned\training_data\road_scene_classifier\validation\shallow_flood\129_downloads_shallow_shallow_02.jpg"
"validation","shallow_flood","C:\Users\abhij\Downloads\shallow\shallow_21.jpg","C:\Users\abhij\OneDrive\Desktop\WellLabs\flood_project_cleaned\training_data\road_scene_classifier\validation\shallow_flood\130_downloads_shallow_shallow_21.jpg"
"validation","shallow_flood","C:\Users\abhij\Downloads\shallow\shallow_29.jpg","C:\Users\abhij\OneDrive\Desktop\WellLabs\flood_project_cleaned\training_data\road_scene_classifier\validation\shallow_flood\131_downloads_shallow_shallow_29.jpg"
"validation","shallow_flood","C:\Users\abhij\Downloads\shallow\shallow_34.jpg","C:\Users\abhij\OneDrive\Desktop\WellLabs\flood_project_cleaned\training_data\road_scene_classifier\validation\shallow_flood\132_downloads_shallow_shallow_34.jpg"
"validation","shallow_flood","C:\Users\abhij\Downloads\shallow\shallow_14.jpg","C:\Users\abhij\OneDrive\Desktop\WellLabs\flood_project_cleaned\training_data\road_scene_classifier\validation\shallow_flood\133_downloads_shallow_shallow_14.jpg"
"validation","shallow_flood","C:\Users\abhij\Downloads\shallow\shallow_08.jpg","C:\Users\abhij\OneDrive\Desktop\WellLabs\flood_project_cleaned\training_data\road_scene_classifier\validation\shallow_flood\134_downloads_shallow_shallow_08.jpg"
"test","shallow_flood","C:\Users\abhij\Downloads\shallow\shallow_20.jpg","C:\Users\abhij\OneDrive\Desktop\WellLabs\flood_project_cleaned\training_data\road_scene_classifier\test\shallow_flood\135_downloads_shallow_shallow_20.jpg"
"test","shallow_flood","C:\Users\abhij\Downloads\shallow\shallow_03.jpg","C:\Users\abhij\OneDrive\Desktop\WellLabs\flood_project_cleaned\training_data\road_scene_classifier\test\shallow_flood\136_downloads_shallow_shallow_03.jpg"
"test","shallow_flood","C:\Users\abhij\Downloads\shallow\shallow_22.jpg","C:\Users\abhij\OneDrive\Desktop\WellLabs\flood_project_cleaned\training_data\road_scene_classifier\test\shallow_flood\137_downloads_shallow_shallow_22.jpg"
"test","shallow_flood","C:\Users\abhij\Downloads\shallow\shallow_19.jpg","C:\Users\abhij\OneDrive\Desktop\WellLabs\flood_project_cleaned\training_data\road_scene_classifier\test\shallow_flood\138_downloads_shallow_shallow_19.jpg"
"test","shallow_flood","C:\Users\abhij\Downloads\shallow\shallow_31.jpg","C:\Users\abhij\OneDrive\Desktop\WellLabs\flood_project_cleaned\training_data\road_scene_classifier\test\shallow_flood\139_downloads_shallow_shallow_31.jpg"
"test","shallow_flood","C:\Users\abhij\Downloads\shallow\shallow_37.jpg","C:\Users\abhij\OneDrive\Desktop\WellLabs\flood_project_cleaned\training_data\road_scene_classifier\test\shallow_flood\140_downloads_shallow_shallow_37.jpg"
